cell_line_uuid,folder_uuid
d7cd97be-d0e4-4739-9642-eeeca1809fe1,c12e87a9-7b31-4900-9c35-373a2fe4c1d1
bbab9074-20a2-420a-a6cf-1888b9f74d19,184569b4-e8fc-4dca-99b8-d688b2e2f45a
cca5624b-c802-4ab5-a6c5-22737e7eaf17,e4b39961-cfda-4e34-94d9-c55c709ea2a5
dd03c897-644e-4faf-820e-fded8b8b2b27,785da8ff-de38-4f56-9487-476918314e48
9889e559-1ce4-448e-a48a-76f2eda9e3c8,785da8ff-de38-4f56-9487-476918314e48
ecbcc95c-05ea-48ed-87d3-5c8f2886c3a8,8a322dc0-9a00-4151-8d67-a05f98f97b29
ecbcc95c-05ea-48ed-87d3-5c8f2886c3a8,5bdc8f9f-cb8f-43d3-b39a-d79625feb780
f524d549-8f88-46e4-991d-f494c22f68ec,a44b7731-bdcd-4d6c-bca9-82ea9e61f63e
a1dc49e2-1960-42bf-ad8a-79f77a4b64fa,b780271b-c56c-4897-9c42-fc732fa1fd5c
17c524a2-7dcf-4ecf-973d-40168eac58fb,83b77be2-8185-47cb-934a-6970c9a346f1
a1dc49e2-1960-42bf-ad8a-79f77a4b64fa,61515bd2-faf8-4cc8-a7bf-b95d4bae559f
7d757b86-b350-44ac-937a-512f68d4839b,5c81c580-204b-4b3a-a854-8aebb2e93a78
ecbcc95c-05ea-48ed-87d3-5c8f2886c3a8,a9bcb583-d9c2-40ea-b39c-7dd726883b11
ecbcc95c-05ea-48ed-87d3-5c8f2886c3a8,adaf380a-2d17-43f2-98fd-4a16fc3b7f26
e04d421f-da43-4f01-894c-2a2a015fe1b0,e9cea4bd-5130-4f8f-8aaa-d932af17d6ae
ecbcc95c-05ea-48ed-87d3-5c8f2886c3a8,5ce5f532-d8a4-426c-9a5f-af150201d671
8b6d6f2b-6500-4a51-8105-5f870638717f,d5a4282a-81f3-4a64-bdd0-98fa2b946b52
a1dc49e2-1960-42bf-ad8a-79f77a4b64fa,746faa5f-711d-405d-8eb8-b5e026ea114a
5330761f-df10-4e82-b276-3d394c9bb5bb,02aed2e0-8a7b-4561-9fda-06fb0c25ef12
24ad9d9b-f921-4df5-9fc6-5ff22e2ed93e,847a3158-9fa1-43cd-b996-2693fd32292f
a1dc49e2-1960-42bf-ad8a-79f77a4b64fa,2023f023-d4b0-459b-9443-801d387fb82e
69d0758a-5ef4-4591-a8bb-f6fee168d654,949c7032-533e-4faa-a948-3ffb45b6cee3
17c524a2-7dcf-4ecf-973d-40168eac58fb,79e4f7e6-d0be-4cfe-9d03-f25f633b9e26
ecbcc95c-05ea-48ed-87d3-5c8f2886c3a8,32c9e758-5882-4dca-94f4-338bb57c3c46
b618aaa5-0e8b-4ffd-9ef5-0a131b3c1fd4,b57ed173-f34c-48a0-be3a-17f135e61ee2
