gene_uuid,cell_line_uuid,seqvariation_type,hgnc_id
807b5240-62df-486f-ad2d-0f7899955e84,bbab9074-20a2-420a-a6cf-1888b9f74d19,Gene deletion,1787
1d5e805a-1804-4077-87c3-6b6bca99b751,bbab9074-20a2-420a-a6cf-1888b9f74d19,Mutation,6407
f1d65de1-03e7-461c-9d72-1b5185b3d611,bbab9074-20a2-420a-a6cf-1888b9f74d19,Mutation,11998
d2aaa94d-641a-49e4-863d-5226a34056ad,b618aaa5-0e8b-4ffd-9ef5-0a131b3c1fd4,Mutation,583
a7ab2553-0060-4db8-a2d3-9069f87fbaa4,b618aaa5-0e8b-4ffd-9ef5-0a131b3c1fd4,Mutation,583
abc8f969-9b9e-4999-b438-661ff380ed44,b618aaa5-0e8b-4ffd-9ef5-0a131b3c1fd4,Mutation,1097
a28e7abe-ec06-4b18-9ff1-f81d907e13ed,b618aaa5-0e8b-4ffd-9ef5-0a131b3c1fd4,Mutation,8975
74280c49-6ed6-45a3-bc05-2703617f25c2,b618aaa5-0e8b-4ffd-9ef5-0a131b3c1fd4,Mutation,6770
f1d65de1-03e7-461c-9d72-1b5185b3d611,b618aaa5-0e8b-4ffd-9ef5-0a131b3c1fd4,Mutation,11998
effcc986-8ac3-44fc-8d7c-5baf3893e0fe,8b6d6f2b-6500-4a51-8105-5f870638717f,Gene deletion,1787
1358976f-20ab-4d3a-bd77-c6794a4352b7,8b6d6f2b-6500-4a51-8105-5f870638717f,Gene deletion,1788
d13e2c70-3993-405e-a8aa-b3c00c577653,8b6d6f2b-6500-4a51-8105-5f870638717f,Mutation,583
b4dff86a-e4a0-44e5-bdd8-1a61bc349f33,8b6d6f2b-6500-4a51-8105-5f870638717f,Mutation,1101
a1aa6922-2535-408f-8312-684d925a6101,8b6d6f2b-6500-4a51-8105-5f870638717f,Mutation,7989
f1d65de1-03e7-461c-9d72-1b5185b3d611,8b6d6f2b-6500-4a51-8105-5f870638717f,Mutation,11998
0cacb11f-db9e-4505-8874-7cfa9b60d8a3,8b6d6f2b-6500-4a51-8105-5f870638717f,Mutation,12363
ce6ece73-e4f4-4225-94f6-52f975b09675,ecbcc95c-05ea-48ed-87d3-5c8f2886c3a8,Mutation,173
e8fdd03a-e3f3-4e5e-8b4b-5d1f688d57ac,ecbcc95c-05ea-48ed-87d3-5c8f2886c3a8,Mutation,583
6d10b920-5918-4fbf-bb2b-e0c3f23e6a30,ecbcc95c-05ea-48ed-87d3-5c8f2886c3a8,Mutation,914
35dfee58-e68f-47c7-8939-974f7ef13865,ecbcc95c-05ea-48ed-87d3-5c8f2886c3a8,Mutation,914
db6cb421-faad-46ea-9e76-8ce8d8035adc,ecbcc95c-05ea-48ed-87d3-5c8f2886c3a8,Mutation,2514
fc42df8b-ee19-4ec4-9552-b94db128b0e5,ecbcc95c-05ea-48ed-87d3-5c8f2886c3a8,Mutation,11773
f1d65de1-03e7-461c-9d72-1b5185b3d611,ecbcc95c-05ea-48ed-87d3-5c8f2886c3a8,Mutation,11998
0a66e302-ff90-48fb-adea-f2035b49a597,17c524a2-7dcf-4ecf-973d-40168eac58fb,Mutation,2621
da56dd2e-fa5f-4a0a-bac6-21142a308912,24ad9d9b-f921-4df5-9fc6-5ff22e2ed93e,Mutation,7029
465fb17a-173f-4974-a967-eea4cbcd41b5,5330761f-df10-4e82-b276-3d394c9bb5bb,Gene fusion,7135
d65de03e-3929-416f-8724-c3052ba76f1b,5330761f-df10-4e82-b276-3d394c9bb5bb,Mutation,3765
c857bf00-6f77-4073-b79f-e2dcd5ba7e37,d7cd97be-d0e4-4739-9642-eeeca1809fe1,Gene deletion,1787
602452fe-4553-4ec3-88b2-8762805bbc87,d7cd97be-d0e4-4739-9642-eeeca1809fe1,Mutation,4172
4696e558-bf52-4b30-9155-5318c8f2ed95,d7cd97be-d0e4-4739-9642-eeeca1809fe1,Mutation,8975
f1d65de1-03e7-461c-9d72-1b5185b3d611,d7cd97be-d0e4-4739-9642-eeeca1809fe1,Mutation,11998
