tissue_uuid,cell_line_uuid
3f240ff7-4431-457a-b09d-026fd1832232,bbab9074-20a2-420a-a6cf-1888b9f74d19
2dabb04e-6a38-42dc-a714-d4cddbfe6784,b618aaa5-0e8b-4ffd-9ef5-0a131b3c1fd4
bb435749-7eaf-44b5-9e39-6b95d20ee0d1,8b6d6f2b-6500-4a51-8105-5f870638717f
2dabb04e-6a38-42dc-a714-d4cddbfe6784,ecbcc95c-05ea-48ed-87d3-5c8f2886c3a8
2dabb04e-6a38-42dc-a714-d4cddbfe6784,69d0758a-5ef4-4591-a8bb-f6fee168d654
367856c1-38f3-4780-b424-2088a18b03c1,a1dc49e2-1960-42bf-ad8a-79f77a4b64fa
367856c1-38f3-4780-b424-2088a18b03c1,17c524a2-7dcf-4ecf-973d-40168eac58fb
2dabb04e-6a38-42dc-a714-d4cddbfe6784,e04d421f-da43-4f01-894c-2a2a015fe1b0
eedd9048-c5f4-4f5b-a1f4-75c00beb92a1,24ad9d9b-f921-4df5-9fc6-5ff22e2ed93e
367856c1-38f3-4780-b424-2088a18b03c1,dd03c897-644e-4faf-820e-fded8b8b2b27
367856c1-38f3-4780-b424-2088a18b03c1,9889e559-1ce4-448e-a48a-76f2eda9e3c8
367856c1-38f3-4780-b424-2088a18b03c1,5330761f-df10-4e82-b276-3d394c9bb5bb
367856c1-38f3-4780-b424-2088a18b03c1,f524d549-8f88-46e4-991d-f494c22f68ec
c9d039e6-77e2-4114-ae36-e92540c72160,d7cd97be-d0e4-4739-9642-eeeca1809fe1
2dabb04e-6a38-42dc-a714-d4cddbfe6784,cca5624b-c802-4ab5-a6c5-22737e7eaf17
