cell_line_name,organism,age,sex,population,biopsy_source,tissue_type,tissue_id_uberon,cell_type,cell_id_uberon,category,sub_category,transformant,morphology,disease_category,disease_name,disease_type,disease_grade,disease_id_ncit,product_format,storage_conditions,imsrjax_id,cellosaurus_id,atcc_id,coriell_id,cell_line_uuid
MIA PaCa-2,Human,65Y,Male,Caucasian,Pancreas,Pancreas,UBERON_0001264,Epithelial Cell,CL_0000066,Cancer cell line,,,Attached epithelial with floating rounded cells,Cancer,Pancreatic ductal adenocarcinoma (PDA),,,C9120,Frozen,Vapor phase of liquid nitrogen,,CVCL_0428,CRM-CRL-1420,,bbab9074-20a2-420a-a6cf-1888b9f74d19
HT-29,Human,44Y,Female,Caucasian,Colon,Colon,UBERON_0001155,Epithelial Cell,CL_0000066,Cancer cell line,,,Epithelial,Cancer,Colon adenocarcinoma,,Grade I,C4349,Frozen,Vapor phase of liquid nitrogen,,CVCL_0320,HTB-38,,b618aaa5-0e8b-4ffd-9ef5-0a131b3c1fd4
BON-1,Human,28Y,Male,,Lymph Node,Lymph Node,UBERON_0000027,,,Cancer cell line,,,,Cancer,Pancreatic serotonin-producing neuroendocrine tumor,,Metastatic,C4446,,,,CVCL_3985,CCL-231,,8b6d6f2b-6500-4a51-8105-5f870638717f
YB5 (der. from SW48),Human,83Y,Female,Caucasian,Colon,Colon,UBERON_0001155,,,Cancer cell line,,,Epithelial,Cancer,Colon adenocarcinoma,Dukes' type C,Grade IV,C4349,Frozen,Vapor phase of liquid nitrogen,,CVCL_1724,,,ecbcc95c-05ea-48ed-87d3-5c8f2886c3a8
C57BL/6J-ApcMin/J (ApcMin),Mouse,,,,Colon,Colon,UBERON_0001155,,,Mouse strain,,,,,,,,,,,IMSR_JAX:002020,,,,69d0758a-5ef4-4591-a8bb-f6fee168d654
GU114,Human,,Male,,,Peripheral blood,UBERON_0000178,Circulating Tumor Cells (CTCs),,Patient donor cells,,,,Cancer,Prostate carcinoma,,Metastatic,C4863,Frozen,Liquid nitrogen,,,,,a1dc49e2-1960-42bf-ad8a-79f77a4b64fa
GM12878,Human,,Female,Caucasian,Peripheral vein,Peripheral blood,UBERON_0000178,B-Lymphocyte,,Transformed cell line,Lymphoblastoid cell lines (LCLs),Epstein-Barr Virus (EBV),,,,,,,,,,CVCL_7526,,GM12878,17c524a2-7dcf-4ecf-973d-40168eac58fb
C57BL/6J (B6),Mouse,,,,Colon,Colon,UBERON_0001155,,,Mouse strain,,,,,,,,,,,IMSR_JAX:000664,,,,e04d421f-da43-4f01-894c-2a2a015fe1b0
YCCEL1,Human,64Y,Male,Korean,Abdomen,Ascitic fluid,UBERON_0007795,,,Cancer cell line,,,,Cancer,Gastric adenocarcinoma,,,C4004,,,,CVCL_9647,,,24ad9d9b-f921-4df5-9fc6-5ff22e2ed93e
NALM-13,Human,19Y,Male,Caucasian,,Peripheral blood,UBERON_0000178,,,Cancer cell line,,,,Cancer,Adult B acute lymphoblastic leukemia (ALL),,,C9143,,,,CVCL_L061,,,dd03c897-644e-4faf-820e-fded8b8b2b27
NALM-14,Human,,,,,Peripheral blood,UBERON_0000178,,,Cancer cell line,,,,Cancer,Adult B acute lymphoblastic leukemia (ALL),,,C9143,,,,CVCL_QX00,,,9889e559-1ce4-448e-a48a-76f2eda9e3c8
GM00538,Human,1Y6M,Female,Caucasian,,,,Fibroblast,CL_0000057,Finite cell line,,,,Disorders of Carbohydrate Metabolism,Maroteaux-Lamy syndrome (MPS 6),,,C61264,,,,CVCL_9W75,,,7d757b86-b350-44ac-937a-512f68d4839b
MV-4-11,Human,10Y,Male,Caucasian,,Peripheral blood,UBERON_0000178,Macrophage,CL_0000235,Cancer cell line,,,Lymphoblast,Cancer,Childhood acute monocytic leukemia,,,C9163,Frozen,Vapor phase of liquid nitrogen,,CVCL_0064,CRL-9591,,5330761f-df10-4e82-b276-3d394c9bb5bb
NA12878,Human,,Female,Caucasian,Peripheral vein,Peripheral blood,UBERON_0000178,B-Lymphocyte,CL_0000945,Transformed cell line,Lymphoblastoid cell lines (LCLs),Epstein-Barr Virus (EBV),,,,,,,,,,,,NA12878,f524d549-8f88-46e4-991d-f494c22f68ec
MCF7,Human,69Y,Female,Caucasian,"Breast, Mammary Gland",Pleural effusion,UBERON_0000175,Epithelial Cell,CL_0000066,Cancer cell line,,,Epithelial,Cancer,Breast adenocarcinoma,,,C5214,Frozen,Vapor phase of liquid nitrogen,,CVCL_0031,HTB-22,,d7cd97be-d0e4-4739-9642-eeeca1809fe1
129/SvEv,Mouse,,,,Colon,Colon,UBERON_0001155,,,Mouse strain,,,,,,,,,,,,,,,cca5624b-c802-4ab5-a6c5-22737e7eaf17
