organism_uuid,cell_line_uuid
bae60011-1cee-4ce0-8c87-3bed0c16f345,bbab9074-20a2-420a-a6cf-1888b9f74d19
bae60011-1cee-4ce0-8c87-3bed0c16f345,b618aaa5-0e8b-4ffd-9ef5-0a131b3c1fd4
bae60011-1cee-4ce0-8c87-3bed0c16f345,8b6d6f2b-6500-4a51-8105-5f870638717f
bae60011-1cee-4ce0-8c87-3bed0c16f345,ecbcc95c-05ea-48ed-87d3-5c8f2886c3a8
bae60011-1cee-4ce0-8c87-3bed0c16f345,17c524a2-7dcf-4ecf-973d-40168eac58fb
bae60011-1cee-4ce0-8c87-3bed0c16f345,24ad9d9b-f921-4df5-9fc6-5ff22e2ed93e
bae60011-1cee-4ce0-8c87-3bed0c16f345,dd03c897-644e-4faf-820e-fded8b8b2b27
bae60011-1cee-4ce0-8c87-3bed0c16f345,9889e559-1ce4-448e-a48a-76f2eda9e3c8
bae60011-1cee-4ce0-8c87-3bed0c16f345,7d757b86-b350-44ac-937a-512f68d4839b
bae60011-1cee-4ce0-8c87-3bed0c16f345,5330761f-df10-4e82-b276-3d394c9bb5bb
bae60011-1cee-4ce0-8c87-3bed0c16f345,d7cd97be-d0e4-4739-9642-eeeca1809fe1
da6e149f-0005-4d9a-9074-dcb0463a3483,69d0758a-5ef4-4591-a8bb-f6fee168d654
bae60011-1cee-4ce0-8c87-3bed0c16f345,a1dc49e2-1960-42bf-ad8a-79f77a4b64fa
da6e149f-0005-4d9a-9074-dcb0463a3483,e04d421f-da43-4f01-894c-2a2a015fe1b0
bae60011-1cee-4ce0-8c87-3bed0c16f345,f524d549-8f88-46e4-991d-f494c22f68ec
da6e149f-0005-4d9a-9074-dcb0463a3483,cca5624b-c802-4ab5-a6c5-22737e7eaf17
