disease_uuid,disease_type,disease_grade,cell_line_uuid
6129ed1a-5bb7-4501-b82b-36ec1a284fbe,,,bbab9074-20a2-420a-a6cf-1888b9f74d19
6cfda757-441c-4b5b-9407-dcb256e2e386,,Grade I,b618aaa5-0e8b-4ffd-9ef5-0a131b3c1fd4
94688f4c-dee7-4f06-8dc5-1e53b5c2a230,,Metastatic,8b6d6f2b-6500-4a51-8105-5f870638717f
6cfda757-441c-4b5b-9407-dcb256e2e386,Dukes' type C,Grade IV,ecbcc95c-05ea-48ed-87d3-5c8f2886c3a8
c7014819-fc8b-465a-bd88-93e7c59f1d0d,,Metastatic,a1dc49e2-1960-42bf-ad8a-79f77a4b64fa
c23eae6c-ac6f-44f6-abab-a27e06a81c4b,,,24ad9d9b-f921-4df5-9fc6-5ff22e2ed93e
ce12229a-bf03-4cec-b03e-4998c7cc1394,,,dd03c897-644e-4faf-820e-fded8b8b2b27
ce12229a-bf03-4cec-b03e-4998c7cc1394,,,9889e559-1ce4-448e-a48a-76f2eda9e3c8
a1549545-cee4-4494-9a04-c163b6b6bbc1,,,7d757b86-b350-44ac-937a-512f68d4839b
45057345-b1cd-4fec-83fc-e70a6d892c41,,,5330761f-df10-4e82-b276-3d394c9bb5bb
6b2950c6-834d-40a1-bcd7-ac1c36a97f86,,,d7cd97be-d0e4-4739-9642-eeeca1809fe1
