gene_uuid,disease_uuid
fc21d4bc-00fe-4b2d-8e90-0635696c2c0c,6cfda757-441c-4b5b-9407-dcb256e2e386
0e26bec2-653d-41bc-a59f-af0c7fd0edc9,6cfda757-441c-4b5b-9407-dcb256e2e386
ca7fd265-d1b6-4db7-b60b-db0920d4f914,6cfda757-441c-4b5b-9407-dcb256e2e386
9786859b-da49-4b61-9dee-e6776547dbdc,6cfda757-441c-4b5b-9407-dcb256e2e386
dc2359c9-5f80-40dd-af3c-6aeaea0f1590,6cfda757-441c-4b5b-9407-dcb256e2e386
59e129d1-3fc2-4d64-842e-af374c043a51,6cfda757-441c-4b5b-9407-dcb256e2e386
f728860e-f38a-4bbf-b97d-4a67b560e599,c7014819-fc8b-465a-bd88-93e7c59f1d0d
83b2f077-cabf-4f97-87df-266d40b1c21e,c7014819-fc8b-465a-bd88-93e7c59f1d0d
9bc076d2-16a6-41c9-8d35-2e6bae7000b9,c7014819-fc8b-465a-bd88-93e7c59f1d0d
7eedb0be-25f4-4516-a6ac-34d056733500,c7014819-fc8b-465a-bd88-93e7c59f1d0d
88c2aad0-4a34-4ba6-a288-913dde16e89c,c7014819-fc8b-465a-bd88-93e7c59f1d0d
11be723c-d95c-412a-bb62-c08e09a74864,c7014819-fc8b-465a-bd88-93e7c59f1d0d
d04ee2a3-636b-4134-ac1e-691c33f06870,c7014819-fc8b-465a-bd88-93e7c59f1d0d
9bf78371-c8dd-427c-b9a8-997dce85ece6,c7014819-fc8b-465a-bd88-93e7c59f1d0d
ed92ccf6-1656-4a93-8d19-4ef002366b21,c7014819-fc8b-465a-bd88-93e7c59f1d0d
d909b9dc-b9e1-4c43-98e9-b9a97a763574,c7014819-fc8b-465a-bd88-93e7c59f1d0d
112d89c0-8b3d-4df8-952e-dede7d45b7e7,c7014819-fc8b-465a-bd88-93e7c59f1d0d
24839cee-49fc-4222-96c7-6327000e6447,c7014819-fc8b-465a-bd88-93e7c59f1d0d
1cbe5349-7569-463e-87ed-d32f99ed9843,c7014819-fc8b-465a-bd88-93e7c59f1d0d
36ddce21-d9d3-4b85-aa6a-72db0a577219,c7014819-fc8b-465a-bd88-93e7c59f1d0d
763448db-73e0-44c0-9fdc-098d6ab35a76,c7014819-fc8b-465a-bd88-93e7c59f1d0d
51d8b231-042b-484c-8c10-cac8b19ca74c,c7014819-fc8b-465a-bd88-93e7c59f1d0d
785c88c5-f0d9-44c7-88c2-d7e9ad10593f,c7014819-fc8b-465a-bd88-93e7c59f1d0d
84d9e56b-a5fd-4305-a5f2-3d5865843ee2,c7014819-fc8b-465a-bd88-93e7c59f1d0d
afb0b3f6-7a74-4242-be33-3d60fc9f556b,c7014819-fc8b-465a-bd88-93e7c59f1d0d
91c2eb2d-19a9-40a3-841b-1360a28227d9,c7014819-fc8b-465a-bd88-93e7c59f1d0d
b6447b18-6541-4d66-861c-2fbf44cd6523,c7014819-fc8b-465a-bd88-93e7c59f1d0d
760675b7-b02c-4bfd-94ec-d9dc2a4ef0cb,c7014819-fc8b-465a-bd88-93e7c59f1d0d
d30832da-ab99-412d-9daa-53cc28958b0a,c7014819-fc8b-465a-bd88-93e7c59f1d0d
6817f9f5-73d2-43dd-af5d-3815b46bacf4,c7014819-fc8b-465a-bd88-93e7c59f1d0d
25f39fda-497b-4d64-be14-3d8852d196a2,c7014819-fc8b-465a-bd88-93e7c59f1d0d
7489428e-15df-4cac-8c31-102602dc2fa0,c7014819-fc8b-465a-bd88-93e7c59f1d0d
0877f5f0-9504-4a21-a6f3-41dda5391bf0,c7014819-fc8b-465a-bd88-93e7c59f1d0d
226f351a-676e-4793-9859-3f89b732d20d,c7014819-fc8b-465a-bd88-93e7c59f1d0d
273d3152-c19d-4967-a4db-603d51dd218e,c7014819-fc8b-465a-bd88-93e7c59f1d0d
96cc0874-8cee-4f11-a5c3-01e22cdbb36d,c7014819-fc8b-465a-bd88-93e7c59f1d0d
9fe9ef98-5664-4286-b35e-9ef4c4fd3c08,c7014819-fc8b-465a-bd88-93e7c59f1d0d
4501e03e-d1b8-4759-9064-237f7f3a6b2c,c7014819-fc8b-465a-bd88-93e7c59f1d0d
0a957f7e-4918-4d1a-8ef1-87e28beebb58,c7014819-fc8b-465a-bd88-93e7c59f1d0d
6f41bca5-b362-4c58-b7b0-15772da9ae4c,c7014819-fc8b-465a-bd88-93e7c59f1d0d
1f5891e8-c523-4f7d-b0be-5228922b74f0,c7014819-fc8b-465a-bd88-93e7c59f1d0d
af3fa5aa-0ace-4769-8870-2e723de7252a,c7014819-fc8b-465a-bd88-93e7c59f1d0d
4948dc89-982a-45a6-a121-a7d1cc13d55d,c7014819-fc8b-465a-bd88-93e7c59f1d0d
5d3e2e84-a08d-4378-89ee-08b97d1cf2a1,c7014819-fc8b-465a-bd88-93e7c59f1d0d
2af1c3b1-d246-425b-b958-07f7951e1079,c7014819-fc8b-465a-bd88-93e7c59f1d0d
39be59bc-c2b6-4d7c-9c83-f3e533796509,c7014819-fc8b-465a-bd88-93e7c59f1d0d
1d53f60a-829d-497b-a847-3bc1fcf245be,c7014819-fc8b-465a-bd88-93e7c59f1d0d
8dff94af-b358-4e3a-b675-d3e807a0ad83,c7014819-fc8b-465a-bd88-93e7c59f1d0d
3a89d45e-0623-461e-a8ae-60cd2b98d4fd,c7014819-fc8b-465a-bd88-93e7c59f1d0d
9a0e3dd2-8f9f-4421-9ae0-858b2483bb2c,c7014819-fc8b-465a-bd88-93e7c59f1d0d
872adb06-c61c-4f1f-b09c-7925e050c8b2,c7014819-fc8b-465a-bd88-93e7c59f1d0d
cfaddb45-ba73-40dc-9c63-31e3f6587263,c7014819-fc8b-465a-bd88-93e7c59f1d0d
32313e12-0d40-4f44-987e-a1bb1820e590,c7014819-fc8b-465a-bd88-93e7c59f1d0d
122ab702-f51a-4766-ab9a-f640ca14bcae,c7014819-fc8b-465a-bd88-93e7c59f1d0d
512ee914-2dc7-4b77-8099-6836cf262330,6b2950c6-834d-40a1-bcd7-ac1c36a97f86
b7d5e4bb-7fdf-4bfd-8c1d-b650ce9a2237,6b2950c6-834d-40a1-bcd7-ac1c36a97f86
9ba32f88-5ea8-4983-8d71-fa349ab4a5b7,fa6bc3d9-b3f6-4440-930f-eb7fc964d6e7
f71276ed-e75b-44ec-adb8-6d902535c83d,fa6bc3d9-b3f6-4440-930f-eb7fc964d6e7
465fb17a-173f-4974-a967-eea4cbcd41b5,fa6bc3d9-b3f6-4440-930f-eb7fc964d6e7
f7125227-4b6e-4a91-9785-1fe8af1dd585,fa6bc3d9-b3f6-4440-930f-eb7fc964d6e7
124b7d20-bc0d-4121-acab-227bc0b03f1c,fa6bc3d9-b3f6-4440-930f-eb7fc964d6e7
ae8fc8e8-3bb3-4b8c-a20e-9c42918e169d,fa6bc3d9-b3f6-4440-930f-eb7fc964d6e7
9047f095-c1e1-45ca-b38f-fb2f4592218d,fa6bc3d9-b3f6-4440-930f-eb7fc964d6e7
af0dd096-ce3f-4654-b619-a5c5ec2ba629,fa6bc3d9-b3f6-4440-930f-eb7fc964d6e7
e6b75f96-7f09-40bd-be72-7f095243e18c,fa6bc3d9-b3f6-4440-930f-eb7fc964d6e7
98330495-8941-4f97-a93c-af83ae770404,fa6bc3d9-b3f6-4440-930f-eb7fc964d6e7
f9399424-561d-4496-aa8c-96b217083f2e,fa6bc3d9-b3f6-4440-930f-eb7fc964d6e7
4738a9f8-8d34-4fc2-8012-87191dc32d5c,fa6bc3d9-b3f6-4440-930f-eb7fc964d6e7
ee93278b-9192-4fc3-bc99-7bba5e598d98,fa6bc3d9-b3f6-4440-930f-eb7fc964d6e7
b35f3bdd-bc70-41c2-8a3b-1c3fefb7c30d,fa6bc3d9-b3f6-4440-930f-eb7fc964d6e7
e7575231-e268-4fff-8fa0-11de9b141423,fa6bc3d9-b3f6-4440-930f-eb7fc964d6e7
10e1abe6-4d43-42ed-95cf-13ebba0a5ba3,fa6bc3d9-b3f6-4440-930f-eb7fc964d6e7
8568cdcd-0a2d-4030-b2ba-01ac2fc4932f,fa6bc3d9-b3f6-4440-930f-eb7fc964d6e7
1efef174-dc72-444b-8999-ddbb75109dd6,fa6bc3d9-b3f6-4440-930f-eb7fc964d6e7
b4d24cd8-9c75-44b5-ad4c-b9bd641da8eb,fa6bc3d9-b3f6-4440-930f-eb7fc964d6e7
d10317b0-b99e-49f0-8ca1-7a7d0a10ee6f,fa6bc3d9-b3f6-4440-930f-eb7fc964d6e7
bbb8acc4-b9e1-409c-8bd6-8cdcf6378fd3,fa6bc3d9-b3f6-4440-930f-eb7fc964d6e7
8654bb80-a54e-4146-9d70-1d5bc6a0ba6a,fa6bc3d9-b3f6-4440-930f-eb7fc964d6e7
7f9fdd49-beea-480a-a692-21babe0c2866,fa6bc3d9-b3f6-4440-930f-eb7fc964d6e7
2081cb5c-a3cb-452b-8f5d-05e382b46085,fa6bc3d9-b3f6-4440-930f-eb7fc964d6e7
47de9a5d-accf-420b-9a71-f1220e46185f,fa6bc3d9-b3f6-4440-930f-eb7fc964d6e7
b098ac58-9240-470c-aba4-599bccafec92,fa6bc3d9-b3f6-4440-930f-eb7fc964d6e7
eebf7d40-0b9a-4604-aa1a-87ab54b728ca,fa6bc3d9-b3f6-4440-930f-eb7fc964d6e7
59aa1ab3-c2cc-4e61-8845-be4a1fc0cee0,fa6bc3d9-b3f6-4440-930f-eb7fc964d6e7
082bfbb3-c69b-4d89-9233-4045833eddab,fa6bc3d9-b3f6-4440-930f-eb7fc964d6e7
d2de811e-9047-47c5-ba25-0a87d71e5a6e,fa6bc3d9-b3f6-4440-930f-eb7fc964d6e7
300181eb-516a-4346-b838-f9b48dc68e41,fa6bc3d9-b3f6-4440-930f-eb7fc964d6e7
f3b90de8-d410-4ba9-b31b-2122a2f03a29,fa6bc3d9-b3f6-4440-930f-eb7fc964d6e7
f451bec9-ed5e-413e-a7fc-3dcf308957c6,fa6bc3d9-b3f6-4440-930f-eb7fc964d6e7
71ee9d04-8bdb-4f04-9911-0ae14511abc5,fa6bc3d9-b3f6-4440-930f-eb7fc964d6e7
9ee66dac-3f7e-45b9-b4b4-9d7f19bdaf11,fa6bc3d9-b3f6-4440-930f-eb7fc964d6e7
18a0dcb5-79ff-496a-8f20-23642b864849,fa6bc3d9-b3f6-4440-930f-eb7fc964d6e7
e4d51538-9368-490f-81ae-f4350876a7e2,fa6bc3d9-b3f6-4440-930f-eb7fc964d6e7
6013200b-bc8f-401d-bf94-4a061124cfaa,fa6bc3d9-b3f6-4440-930f-eb7fc964d6e7
1fd6e599-bca1-4712-ad1f-184f036caf33,fa6bc3d9-b3f6-4440-930f-eb7fc964d6e7
e3f0da87-1df9-4137-ad72-31afaa73c550,fa6bc3d9-b3f6-4440-930f-eb7fc964d6e7
78c44964-6c8e-4350-b78d-bf1fb5585c87,fa6bc3d9-b3f6-4440-930f-eb7fc964d6e7
fdaae412-a2e2-432a-b5c3-020825624fce,fa6bc3d9-b3f6-4440-930f-eb7fc964d6e7
ff36aef0-c3c1-46bf-b6c6-a398e68fd70e,fa6bc3d9-b3f6-4440-930f-eb7fc964d6e7
b3dac455-37b9-4d13-9fbb-0a3fa6d570e4,fa6bc3d9-b3f6-4440-930f-eb7fc964d6e7
5a744e98-533c-4b4c-a8e9-bb377450444c,fa6bc3d9-b3f6-4440-930f-eb7fc964d6e7
afcffcb6-740a-4796-abeb-7cede2c59e20,675a4dae-481e-4777-ac2f-9d26445cd379
9bff0103-dc0e-4598-9d3f-6c3b15e7ba7a,675a4dae-481e-4777-ac2f-9d26445cd379
e39182cc-c506-4d68-9d98-a236c3eb1ee2,675a4dae-481e-4777-ac2f-9d26445cd379
b3e0219a-7daa-466e-8d94-836f9415ee89,675a4dae-481e-4777-ac2f-9d26445cd379
7f48ed37-2e3c-4dce-b1f1-e41534eb2f6b,675a4dae-481e-4777-ac2f-9d26445cd379
a984457e-1486-4d62-9a2f-dae5cc5ed625,675a4dae-481e-4777-ac2f-9d26445cd379
fbe6f548-4bde-42a6-bae4-c695f9a63791,675a4dae-481e-4777-ac2f-9d26445cd379
9835dde0-0add-46c1-9232-7bb7ebb25f65,675a4dae-481e-4777-ac2f-9d26445cd379
d0e629ed-3601-474f-b896-1c29d979bb40,675a4dae-481e-4777-ac2f-9d26445cd379
0dcb270f-0d02-4df9-a7e4-da8c7aa531b7,675a4dae-481e-4777-ac2f-9d26445cd379
36d3b083-107f-44f4-8eec-177fcc70c05c,675a4dae-481e-4777-ac2f-9d26445cd379
9d2eac7f-4455-4688-a0b5-2484215de49d,675a4dae-481e-4777-ac2f-9d26445cd379
789b0190-6c04-4b4a-aae0-e04349787020,40eb7243-12ea-4501-a3c2-ee74bb11e753
049347ef-4692-4675-ab4e-495f2e5622bb,40eb7243-12ea-4501-a3c2-ee74bb11e753
0ef0cfc1-bc2d-48f2-ae67-7f5351e66fd6,40eb7243-12ea-4501-a3c2-ee74bb11e753
332de9aa-6198-4d5a-a561-d3e4ce5286b0,40eb7243-12ea-4501-a3c2-ee74bb11e753
ef0f3d32-ee38-43c9-84f5-abeaf4842660,40eb7243-12ea-4501-a3c2-ee74bb11e753
a4f2bb5c-498a-4753-a122-4849571b4c18,40eb7243-12ea-4501-a3c2-ee74bb11e753
84139c2a-cfdd-43d7-ac21-5ba5232ea528,40eb7243-12ea-4501-a3c2-ee74bb11e753
7ecbba33-3eef-4a76-a06b-f43ca1da43e8,40eb7243-12ea-4501-a3c2-ee74bb11e753
5fc54f84-a286-471c-80dd-9001ce6d6c0e,40eb7243-12ea-4501-a3c2-ee74bb11e753
0a88d5a5-0a66-4fb8-8635-bc618ef3c5ec,40eb7243-12ea-4501-a3c2-ee74bb11e753
75e0173e-2943-4c6b-b9c2-f993692cd90a,40eb7243-12ea-4501-a3c2-ee74bb11e753
7716ac8e-e7c6-46e7-8c28-40a0162550d6,40eb7243-12ea-4501-a3c2-ee74bb11e753
74e8d42f-9c86-4c29-b743-3eea7c0e4478,40eb7243-12ea-4501-a3c2-ee74bb11e753
3ec4896b-11bd-4ace-b8a2-e84d480a6837,40eb7243-12ea-4501-a3c2-ee74bb11e753
5929a64d-6804-4d02-aa3c-1f36157c221c,40eb7243-12ea-4501-a3c2-ee74bb11e753
359a23e6-067f-4385-9440-ff964b677bb6,40eb7243-12ea-4501-a3c2-ee74bb11e753
30131ba5-87ec-4311-8928-0b15431b3ecb,40eb7243-12ea-4501-a3c2-ee74bb11e753
3b5f4073-b2a6-427f-9177-5adab20337c1,40eb7243-12ea-4501-a3c2-ee74bb11e753
5ee2a122-d898-42f3-8154-0f86e2815a50,40eb7243-12ea-4501-a3c2-ee74bb11e753
efbcb9a3-93a3-4423-9fa1-e98267ad816d,40eb7243-12ea-4501-a3c2-ee74bb11e753
5b5262eb-8ce1-496c-88e4-d05b10da7953,40eb7243-12ea-4501-a3c2-ee74bb11e753
8e7fb0a2-bf3d-4efd-9714-6280cad69030,40eb7243-12ea-4501-a3c2-ee74bb11e753
8817332d-211a-4787-bb9e-1054c0685c4e,40eb7243-12ea-4501-a3c2-ee74bb11e753
426e1ad3-3c9f-4aa0-89f2-e64a97b5d597,40eb7243-12ea-4501-a3c2-ee74bb11e753
b4c8df47-a91b-4dad-a818-a6d9b32608cd,40eb7243-12ea-4501-a3c2-ee74bb11e753
4331a51c-1d4c-4ab8-90be-66e82496ee4b,40eb7243-12ea-4501-a3c2-ee74bb11e753
