disease_category,disease_name,disease_symbol,disease_id_ncit,disease_uuid
Cancer,Pancreatic ductal adenocarcinoma (PDA),PDA,C9120,6129ed1a-5bb7-4501-b82b-36ec1a284fbe
Cancer,Colon adenocarcinoma,,C4349,6cfda757-441c-4b5b-9407-dcb256e2e386
Cancer,Pancreatic serotonin-producing neuroendocrine tumor,,C4446,94688f4c-dee7-4f06-8dc5-1e53b5c2a230
Cancer,Prostate carcinoma,,C4863,c7014819-fc8b-465a-bd88-93e7c59f1d0d
Cancer,Gastric adenocarcinoma,,C4004,c23eae6c-ac6f-44f6-abab-a27e06a81c4b
Cancer,Adult B acute lymphoblastic leukemia (ALL),ALL,C9143,ce12229a-bf03-4cec-b03e-4998c7cc1394
Disorders of Carbohydrate Metabolism,Maroteaux-Lamy syndrome (MPS 6),MPS 6,C61264,a1549545-cee4-4494-9a04-c163b6b6bbc1
Cancer,Childhood acute monocytic leukemia,,C9163,45057345-b1cd-4fec-83fc-e70a6d892c41
Cancer,Breast adenocarcinoma,,C5214,6b2950c6-834d-40a1-bcd7-ac1c36a97f86
Cancer,Leukemia,,C3161,fa6bc3d9-b3f6-4440-930f-eb7fc964d6e7
Neurodegenerative Disease,Parkinson Disease,,C26845,675a4dae-481e-4777-ac2f-9d26445cd379
Cancer,Chronic Myeloid Leukemia (CML),CML,,2077cfdc-57ad-483b-b3ad-bddd12fd5b0b
Cancer,Acute Myeloid Leukemia (AML),AML,C3171,40eb7243-12ea-4501-a3c2-ee74bb11e753
