disease_uuid,folder_uuid
6cfda757-441c-4b5b-9407-dcb256e2e386,04e6a57c-62bc-459a-b272-6a41a5e60a37
fa6bc3d9-b3f6-4440-930f-eb7fc964d6e7,61857335-3fcb-4949-aed6-302ea7ffebff
6cfda757-441c-4b5b-9407-dcb256e2e386,be9f0f17-b24c-4c5d-beae-aed9452e588a
6cfda757-441c-4b5b-9407-dcb256e2e386,ce8c729e-598a-460a-ae63-5cc746eddd6b
6cfda757-441c-4b5b-9407-dcb256e2e386,010fe5fb-7de2-4bc0-8f63-0214508fe116
6cfda757-441c-4b5b-9407-dcb256e2e386,38959d82-97b3-486f-a840-bf3cb35824ac
675a4dae-481e-4777-ac2f-9d26445cd379,2f44613f-8711-403b-8949-a9e6ad4973c9
6cfda757-441c-4b5b-9407-dcb256e2e386,301ac78c-854a-444a-959d-eda1582b8e7b
2077cfdc-57ad-483b-b3ad-bddd12fd5b0b,44d31f5c-58b5-405d-b185-9668f29459bb
40eb7243-12ea-4501-a3c2-ee74bb11e753,44d31f5c-58b5-405d-b185-9668f29459bb
6cfda757-441c-4b5b-9407-dcb256e2e386,408c8859-783b-4158-aea1-7323105174d7
