experiment_uuid,folder_uuid
a2c57456-1112-4197-8f56-dcc8e68de3ac,771e6a42-b486-4dc2-8d2a-f1b8b7632b20
d4b7b440-05bb-4d54-be94-90b9b0c07027,771e6a42-b486-4dc2-8d2a-f1b8b7632b20
79fe0e95-b628-43dc-9bb6-e96218c76e15,771e6a42-b486-4dc2-8d2a-f1b8b7632b20
a2c57456-1112-4197-8f56-dcc8e68de3ac,4078a586-f3d2-4b43-b454-43428076244a
f0c41dac-0902-4021-b842-789eef346163,c12e87a9-7b31-4900-9c35-373a2fe4c1d1
a2c57456-1112-4197-8f56-dcc8e68de3ac,c12e87a9-7b31-4900-9c35-373a2fe4c1d1
a2c57456-1112-4197-8f56-dcc8e68de3ac,ed76fcad-fc4d-412a-b4df-e4031e3ef735
6da846f9-150b-4b76-8f2d-a4fdd567b7be,ed76fcad-fc4d-412a-b4df-e4031e3ef735
a2c57456-1112-4197-8f56-dcc8e68de3ac,b6a686a5-29d2-4cb0-b9f1-fb2a551a9539
79fe0e95-b628-43dc-9bb6-e96218c76e15,b6a686a5-29d2-4cb0-b9f1-fb2a551a9539
f0c41dac-0902-4021-b842-789eef346163,4dd353e7-f035-460b-80f3-2bb5456b6872
a2c57456-1112-4197-8f56-dcc8e68de3ac,4dd353e7-f035-460b-80f3-2bb5456b6872
f0c41dac-0902-4021-b842-789eef346163,6d4a0f6d-d3ee-4fa6-904d-4fb1a9a03c08
a2c57456-1112-4197-8f56-dcc8e68de3ac,6d4a0f6d-d3ee-4fa6-904d-4fb1a9a03c08
f0c41dac-0902-4021-b842-789eef346163,738dfdd1-c9d4-488e-aa5e-383110c4266e
a2c57456-1112-4197-8f56-dcc8e68de3ac,738dfdd1-c9d4-488e-aa5e-383110c4266e
a2c57456-1112-4197-8f56-dcc8e68de3ac,06f1221c-dc5c-409c-aa1d-9fc38a7aa31c
c433c399-2f87-4520-8547-286977d9a3e0,06f1221c-dc5c-409c-aa1d-9fc38a7aa31c
f0c41dac-0902-4021-b842-789eef346163,46b06a86-bcd3-4c8c-9e66-176ce48db823
a2c57456-1112-4197-8f56-dcc8e68de3ac,46b06a86-bcd3-4c8c-9e66-176ce48db823
a2c57456-1112-4197-8f56-dcc8e68de3ac,04e6a57c-62bc-459a-b272-6a41a5e60a37
79fe0e95-b628-43dc-9bb6-e96218c76e15,04e6a57c-62bc-459a-b272-6a41a5e60a37
a2c57456-1112-4197-8f56-dcc8e68de3ac,d22ddf78-4f6f-466a-a09a-55f1c4a6ffda
6da846f9-150b-4b76-8f2d-a4fdd567b7be,d22ddf78-4f6f-466a-a09a-55f1c4a6ffda
a2c57456-1112-4197-8f56-dcc8e68de3ac,336675ed-c8d8-40e7-8789-272de144d11f
79fe0e95-b628-43dc-9bb6-e96218c76e15,336675ed-c8d8-40e7-8789-272de144d11f
a2c57456-1112-4197-8f56-dcc8e68de3ac,c5606447-6c6b-4e90-89ec-92a714aa8405
79fe0e95-b628-43dc-9bb6-e96218c76e15,c5606447-6c6b-4e90-89ec-92a714aa8405
f0c41dac-0902-4021-b842-789eef346163,26579526-aadf-4cf5-8d40-804e68c926ec
a2c57456-1112-4197-8f56-dcc8e68de3ac,26579526-aadf-4cf5-8d40-804e68c926ec
a2c57456-1112-4197-8f56-dcc8e68de3ac,c653c9ab-3b30-4e85-979c-8c3bfe7833fb
f874e2ea-8321-47f2-8faa-60bd28411cf2,c653c9ab-3b30-4e85-979c-8c3bfe7833fb
7a2ee764-9ec6-4eb2-8745-d6d46487259e,c653c9ab-3b30-4e85-979c-8c3bfe7833fb
f0c41dac-0902-4021-b842-789eef346163,82db79bf-e17f-4274-bcd5-1cc17130ac48
a2c57456-1112-4197-8f56-dcc8e68de3ac,82db79bf-e17f-4274-bcd5-1cc17130ac48
a2c57456-1112-4197-8f56-dcc8e68de3ac,e9877932-7379-46c0-9d47-ce6802e0bb8a
79fe0e95-b628-43dc-9bb6-e96218c76e15,e9877932-7379-46c0-9d47-ce6802e0bb8a
a2c57456-1112-4197-8f56-dcc8e68de3ac,7dae23ea-fb6b-4d1e-a7d9-06eda794dc1c
f0c41dac-0902-4021-b842-789eef346163,184569b4-e8fc-4dca-99b8-d688b2e2f45a
a2c57456-1112-4197-8f56-dcc8e68de3ac,184569b4-e8fc-4dca-99b8-d688b2e2f45a
a2c57456-1112-4197-8f56-dcc8e68de3ac,d4b5f0ed-4151-4aa5-9d5f-0db06f92c704
a2c57456-1112-4197-8f56-dcc8e68de3ac,61857335-3fcb-4949-aed6-302ea7ffebff
79fe0e95-b628-43dc-9bb6-e96218c76e15,61857335-3fcb-4949-aed6-302ea7ffebff
a2c57456-1112-4197-8f56-dcc8e68de3ac,493df0a2-be5a-4303-add9-8292e4898575
6da846f9-150b-4b76-8f2d-a4fdd567b7be,493df0a2-be5a-4303-add9-8292e4898575
f0c41dac-0902-4021-b842-789eef346163,6cceb556-2200-4b46-81cc-0feb378386e0
a2c57456-1112-4197-8f56-dcc8e68de3ac,6cceb556-2200-4b46-81cc-0feb378386e0
fc4413bf-ec9e-43b7-bb98-ede8f2687e75,6cceb556-2200-4b46-81cc-0feb378386e0
f0c41dac-0902-4021-b842-789eef346163,43a327dd-f046-4869-92a6-5504763b8ade
a2c57456-1112-4197-8f56-dcc8e68de3ac,43a327dd-f046-4869-92a6-5504763b8ade
fc4413bf-ec9e-43b7-bb98-ede8f2687e75,43a327dd-f046-4869-92a6-5504763b8ade
f0c41dac-0902-4021-b842-789eef346163,6b50fb13-112a-41b9-9096-bd3ad1cd6dae
a2c57456-1112-4197-8f56-dcc8e68de3ac,6b50fb13-112a-41b9-9096-bd3ad1cd6dae
a2c57456-1112-4197-8f56-dcc8e68de3ac,c8f6222e-c3b1-48f2-b155-cbef76afcac7
6da846f9-150b-4b76-8f2d-a4fdd567b7be,c8f6222e-c3b1-48f2-b155-cbef76afcac7
a2c57456-1112-4197-8f56-dcc8e68de3ac,e4b39961-cfda-4e34-94d9-c55c709ea2a5
6da846f9-150b-4b76-8f2d-a4fdd567b7be,e4b39961-cfda-4e34-94d9-c55c709ea2a5
a2c57456-1112-4197-8f56-dcc8e68de3ac,25113031-6775-4e7c-988f-860a0979d432
f874e2ea-8321-47f2-8faa-60bd28411cf2,25113031-6775-4e7c-988f-860a0979d432
f0c41dac-0902-4021-b842-789eef346163,4c0791ef-965e-4cbe-8589-faf35f96e450
a2c57456-1112-4197-8f56-dcc8e68de3ac,4c0791ef-965e-4cbe-8589-faf35f96e450
f0c41dac-0902-4021-b842-789eef346163,561f0c37-5872-4928-9365-6cf59512ce4b
a2c57456-1112-4197-8f56-dcc8e68de3ac,561f0c37-5872-4928-9365-6cf59512ce4b
5c9cf3fe-4ab0-4b63-b750-473cc67401f4,785da8ff-de38-4f56-9487-476918314e48
a2c57456-1112-4197-8f56-dcc8e68de3ac,785da8ff-de38-4f56-9487-476918314e48
a2c57456-1112-4197-8f56-dcc8e68de3ac,b4945ac7-35f9-42ad-b2f8-7cad10a022be
79fe0e95-b628-43dc-9bb6-e96218c76e15,b4945ac7-35f9-42ad-b2f8-7cad10a022be
a2c57456-1112-4197-8f56-dcc8e68de3ac,3d0358ee-eb40-4ace-8745-a9b96f127600
6da846f9-150b-4b76-8f2d-a4fdd567b7be,3d0358ee-eb40-4ace-8745-a9b96f127600
a2c57456-1112-4197-8f56-dcc8e68de3ac,9fb630b8-5ab0-4180-adeb-aaa4877e06c8
6da846f9-150b-4b76-8f2d-a4fdd567b7be,9fb630b8-5ab0-4180-adeb-aaa4877e06c8
a2c57456-1112-4197-8f56-dcc8e68de3ac,28b3e1ba-d635-49c7-be66-3a85683b9ef9
79fe0e95-b628-43dc-9bb6-e96218c76e15,28b3e1ba-d635-49c7-be66-3a85683b9ef9
a2c57456-1112-4197-8f56-dcc8e68de3ac,af55da21-7cc1-4fa9-80d4-a74889679f94
79fe0e95-b628-43dc-9bb6-e96218c76e15,af55da21-7cc1-4fa9-80d4-a74889679f94
a2c57456-1112-4197-8f56-dcc8e68de3ac,8a322dc0-9a00-4151-8d67-a05f98f97b29
5c9cf3fe-4ab0-4b63-b750-473cc67401f4,846a5adf-0c2c-464e-8f14-83523298abf0
a2c57456-1112-4197-8f56-dcc8e68de3ac,846a5adf-0c2c-464e-8f14-83523298abf0
a2c57456-1112-4197-8f56-dcc8e68de3ac,81efefd8-ecc8-4282-8cd2-8c0b355bc971
79fe0e95-b628-43dc-9bb6-e96218c76e15,81efefd8-ecc8-4282-8cd2-8c0b355bc971
a2c57456-1112-4197-8f56-dcc8e68de3ac,b6133daa-71b2-4a61-83e6-eb026c587f7f
6da846f9-150b-4b76-8f2d-a4fdd567b7be,b6133daa-71b2-4a61-83e6-eb026c587f7f
f0c41dac-0902-4021-b842-789eef346163,5bdc8f9f-cb8f-43d3-b39a-d79625feb780
a2c57456-1112-4197-8f56-dcc8e68de3ac,5bdc8f9f-cb8f-43d3-b39a-d79625feb780
a2c57456-1112-4197-8f56-dcc8e68de3ac,aa975234-e0a3-4972-a7ca-6518c74c1f01
79fe0e95-b628-43dc-9bb6-e96218c76e15,aa975234-e0a3-4972-a7ca-6518c74c1f01
a2c57456-1112-4197-8f56-dcc8e68de3ac,be9f0f17-b24c-4c5d-beae-aed9452e588a
0fd2defd-b7d6-4bec-8173-ae2a40649d3d,be9f0f17-b24c-4c5d-beae-aed9452e588a
a2c57456-1112-4197-8f56-dcc8e68de3ac,2ffd5ba9-828e-4560-9d0b-f2111159733f
6da846f9-150b-4b76-8f2d-a4fdd567b7be,2ffd5ba9-828e-4560-9d0b-f2111159733f
a2c57456-1112-4197-8f56-dcc8e68de3ac,139a44d0-4bed-4b95-a07c-3bb2291bff65
a2c57456-1112-4197-8f56-dcc8e68de3ac,c3e9c834-7ab3-435e-8ff1-8e299aa6ecf7
79fe0e95-b628-43dc-9bb6-e96218c76e15,c3e9c834-7ab3-435e-8ff1-8e299aa6ecf7
a2c57456-1112-4197-8f56-dcc8e68de3ac,ce8c729e-598a-460a-ae63-5cc746eddd6b
04cb4925-1176-4112-a9b7-e977d9dd3bcd,ce8c729e-598a-460a-ae63-5cc746eddd6b
a2c57456-1112-4197-8f56-dcc8e68de3ac,79fa8b17-ac2c-4856-9dc0-48cdb3e8586f
1a05e78a-7a6e-4a13-996c-82a49a2b789f,79fa8b17-ac2c-4856-9dc0-48cdb3e8586f
7a2ee764-9ec6-4eb2-8745-d6d46487259e,79fa8b17-ac2c-4856-9dc0-48cdb3e8586f
a2c57456-1112-4197-8f56-dcc8e68de3ac,786cff61-86d4-42ac-9dc7-607a59a6d1f5
a2c57456-1112-4197-8f56-dcc8e68de3ac,fa12e62b-cb3e-420a-91fa-a8a01272dbae
6da846f9-150b-4b76-8f2d-a4fdd567b7be,fa12e62b-cb3e-420a-91fa-a8a01272dbae
a2c57456-1112-4197-8f56-dcc8e68de3ac,765d6cac-1272-4dcd-9f47-8ed63c2992b3
7a2ee764-9ec6-4eb2-8745-d6d46487259e,765d6cac-1272-4dcd-9f47-8ed63c2992b3
a2c57456-1112-4197-8f56-dcc8e68de3ac,379ed4a8-941b-463a-b543-31b9e907814c
79fe0e95-b628-43dc-9bb6-e96218c76e15,379ed4a8-941b-463a-b543-31b9e907814c
99ab2adf-363d-4cbd-9390-b93146adfe1b,a44b7731-bdcd-4d6c-bca9-82ea9e61f63e
a2c57456-1112-4197-8f56-dcc8e68de3ac,a44b7731-bdcd-4d6c-bca9-82ea9e61f63e
f0c41dac-0902-4021-b842-789eef346163,d52ae1f4-9322-440d-a9b8-6239a2df4b2d
a2c57456-1112-4197-8f56-dcc8e68de3ac,d52ae1f4-9322-440d-a9b8-6239a2df4b2d
f0c41dac-0902-4021-b842-789eef346163,285dd72a-60e8-4bc8-b492-80ee038a55c9
a2c57456-1112-4197-8f56-dcc8e68de3ac,285dd72a-60e8-4bc8-b492-80ee038a55c9
a2c57456-1112-4197-8f56-dcc8e68de3ac,45abc83a-67ac-4722-a5a0-19e8d50e068d
79fe0e95-b628-43dc-9bb6-e96218c76e15,45abc83a-67ac-4722-a5a0-19e8d50e068d
a2c57456-1112-4197-8f56-dcc8e68de3ac,c02eae7d-564b-4a22-a5a1-6b3faac353f5
79fe0e95-b628-43dc-9bb6-e96218c76e15,c02eae7d-564b-4a22-a5a1-6b3faac353f5
f0c41dac-0902-4021-b842-789eef346163,5eed071a-c3e3-46d6-b30e-79d98595e5a2
a2c57456-1112-4197-8f56-dcc8e68de3ac,5eed071a-c3e3-46d6-b30e-79d98595e5a2
f0c41dac-0902-4021-b842-789eef346163,e73b8cb2-87d0-42f6-a259-eaae5302b32d
a2c57456-1112-4197-8f56-dcc8e68de3ac,e73b8cb2-87d0-42f6-a259-eaae5302b32d
a2c57456-1112-4197-8f56-dcc8e68de3ac,2e648247-ff40-492e-ae9c-a9608528b5a5
79fe0e95-b628-43dc-9bb6-e96218c76e15,2e648247-ff40-492e-ae9c-a9608528b5a5
a2c57456-1112-4197-8f56-dcc8e68de3ac,3500c076-2194-48fb-9100-ad888713e07d
a2c57456-1112-4197-8f56-dcc8e68de3ac,058c439d-51b0-448f-b3cb-b8685b1dfd34
6da846f9-150b-4b76-8f2d-a4fdd567b7be,058c439d-51b0-448f-b3cb-b8685b1dfd34
a2c57456-1112-4197-8f56-dcc8e68de3ac,00ad2612-85bb-4363-8b11-3b352fccf3ac
7a2ee764-9ec6-4eb2-8745-d6d46487259e,00ad2612-85bb-4363-8b11-3b352fccf3ac
a2c57456-1112-4197-8f56-dcc8e68de3ac,aae7e84a-5f5f-4acb-8936-ab7128bd1ad8
6da846f9-150b-4b76-8f2d-a4fdd567b7be,aae7e84a-5f5f-4acb-8936-ab7128bd1ad8
a2c57456-1112-4197-8f56-dcc8e68de3ac,010fe5fb-7de2-4bc0-8f63-0214508fe116
04cb4925-1176-4112-a9b7-e977d9dd3bcd,010fe5fb-7de2-4bc0-8f63-0214508fe116
a2c57456-1112-4197-8f56-dcc8e68de3ac,16cefcff-942a-4574-a032-bb569871e317
6da846f9-150b-4b76-8f2d-a4fdd567b7be,16cefcff-942a-4574-a032-bb569871e317
a2c57456-1112-4197-8f56-dcc8e68de3ac,b780271b-c56c-4897-9c42-fc732fa1fd5c
6da846f9-150b-4b76-8f2d-a4fdd567b7be,b780271b-c56c-4897-9c42-fc732fa1fd5c
f808ecb9-d8f4-48c7-bc7b-459943f218f6,5dfeef3e-1992-4ca2-9eaf-bd48df03e2f7
a2c57456-1112-4197-8f56-dcc8e68de3ac,5dfeef3e-1992-4ca2-9eaf-bd48df03e2f7
a2c57456-1112-4197-8f56-dcc8e68de3ac,047a6ccd-5273-4e03-a7d6-315d78cb8e9b
a2c57456-1112-4197-8f56-dcc8e68de3ac,5a139a3c-0684-48d3-a0bc-30a03efe4d18
79fe0e95-b628-43dc-9bb6-e96218c76e15,5a139a3c-0684-48d3-a0bc-30a03efe4d18
a2c57456-1112-4197-8f56-dcc8e68de3ac,6004a836-8ab4-4b98-a529-03d1d1a654df
a2c57456-1112-4197-8f56-dcc8e68de3ac,b8776080-5eee-41fc-a8c3-7f1dd3d910d1
a2c57456-1112-4197-8f56-dcc8e68de3ac,fddea788-9198-4194-9fe2-c76de0fecbbf
0fd2defd-b7d6-4bec-8173-ae2a40649d3d,fddea788-9198-4194-9fe2-c76de0fecbbf
a2c57456-1112-4197-8f56-dcc8e68de3ac,83b77be2-8185-47cb-934a-6970c9a346f1
a2c57456-1112-4197-8f56-dcc8e68de3ac,944bef5e-e04e-46f2-85a4-d75ebc02d100
c433c399-2f87-4520-8547-286977d9a3e0,944bef5e-e04e-46f2-85a4-d75ebc02d100
a2c57456-1112-4197-8f56-dcc8e68de3ac,c3ea339e-a6ad-45a1-90b7-1a10d5d67787
6da846f9-150b-4b76-8f2d-a4fdd567b7be,c3ea339e-a6ad-45a1-90b7-1a10d5d67787
5c9cf3fe-4ab0-4b63-b750-473cc67401f4,755529e9-9f10-41de-9a9c-8e3cb575b07f
a2c57456-1112-4197-8f56-dcc8e68de3ac,755529e9-9f10-41de-9a9c-8e3cb575b07f
a2c57456-1112-4197-8f56-dcc8e68de3ac,4f9af198-88aa-4b42-8368-988dd74672d9
79fe0e95-b628-43dc-9bb6-e96218c76e15,4f9af198-88aa-4b42-8368-988dd74672d9
f0c41dac-0902-4021-b842-789eef346163,230943ab-70e3-4736-914e-c3dcdbdb28d8
a2c57456-1112-4197-8f56-dcc8e68de3ac,230943ab-70e3-4736-914e-c3dcdbdb28d8
3ce81f56-92be-4f47-b104-c1f6070d6e67,56d3973d-b9e6-4538-a1a1-afe048144124
a2c57456-1112-4197-8f56-dcc8e68de3ac,56d3973d-b9e6-4538-a1a1-afe048144124
5c9cf3fe-4ab0-4b63-b750-473cc67401f4,7f284179-3518-4e05-8b4b-102360838465
a2c57456-1112-4197-8f56-dcc8e68de3ac,7f284179-3518-4e05-8b4b-102360838465
a2c57456-1112-4197-8f56-dcc8e68de3ac,61515bd2-faf8-4cc8-a7bf-b95d4bae559f
6da846f9-150b-4b76-8f2d-a4fdd567b7be,61515bd2-faf8-4cc8-a7bf-b95d4bae559f
a2c57456-1112-4197-8f56-dcc8e68de3ac,b116d7e7-cd62-4104-bd65-ef61f524b782
a2c57456-1112-4197-8f56-dcc8e68de3ac,49d02cfc-7c33-4a62-a72b-b0398f2a2bd6
a2c57456-1112-4197-8f56-dcc8e68de3ac,da2a8266-0724-4297-99cf-b9d440833f83
a2c57456-1112-4197-8f56-dcc8e68de3ac,637fa3f7-2a0d-49d4-b669-2edce6d5f912
79fe0e95-b628-43dc-9bb6-e96218c76e15,637fa3f7-2a0d-49d4-b669-2edce6d5f912
a2c57456-1112-4197-8f56-dcc8e68de3ac,599cc87d-585e-4e49-bc77-d5ba6cef0a13
79fe0e95-b628-43dc-9bb6-e96218c76e15,599cc87d-585e-4e49-bc77-d5ba6cef0a13
a2c57456-1112-4197-8f56-dcc8e68de3ac,6aabea7a-dd06-4012-8afe-e8467e9aff74
1a05e78a-7a6e-4a13-996c-82a49a2b789f,6aabea7a-dd06-4012-8afe-e8467e9aff74
7a2ee764-9ec6-4eb2-8745-d6d46487259e,6aabea7a-dd06-4012-8afe-e8467e9aff74
f0c41dac-0902-4021-b842-789eef346163,28747e88-a960-4eae-b9db-0a30bed4fa7e
a2c57456-1112-4197-8f56-dcc8e68de3ac,28747e88-a960-4eae-b9db-0a30bed4fa7e
a2c57456-1112-4197-8f56-dcc8e68de3ac,5c81c580-204b-4b3a-a854-8aebb2e93a78
f0c41dac-0902-4021-b842-789eef346163,a9bcb583-d9c2-40ea-b39c-7dd726883b11
a2c57456-1112-4197-8f56-dcc8e68de3ac,a9bcb583-d9c2-40ea-b39c-7dd726883b11
a2c57456-1112-4197-8f56-dcc8e68de3ac,47ad283e-3350-41e0-afb2-720fe4b83332
6da846f9-150b-4b76-8f2d-a4fdd567b7be,47ad283e-3350-41e0-afb2-720fe4b83332
a2c57456-1112-4197-8f56-dcc8e68de3ac,6ea58f2c-9199-4a1d-8ff5-42e862298716
79fe0e95-b628-43dc-9bb6-e96218c76e15,6ea58f2c-9199-4a1d-8ff5-42e862298716
a2c57456-1112-4197-8f56-dcc8e68de3ac,91561469-ce28-46f9-8a76-c5a1b7bf569b
79fe0e95-b628-43dc-9bb6-e96218c76e15,91561469-ce28-46f9-8a76-c5a1b7bf569b
f0c41dac-0902-4021-b842-789eef346163,a7f87274-01b1-49cb-a4b6-92dc347c8ca8
a2c57456-1112-4197-8f56-dcc8e68de3ac,a7f87274-01b1-49cb-a4b6-92dc347c8ca8
a2c57456-1112-4197-8f56-dcc8e68de3ac,0a494aab-4b27-4888-b73a-e4589f486bb9
79fe0e95-b628-43dc-9bb6-e96218c76e15,0a494aab-4b27-4888-b73a-e4589f486bb9
a2c57456-1112-4197-8f56-dcc8e68de3ac,dfcdac26-b3b7-423e-a59c-d18fcf6dbe38
f874e2ea-8321-47f2-8faa-60bd28411cf2,dfcdac26-b3b7-423e-a59c-d18fcf6dbe38
7a2ee764-9ec6-4eb2-8745-d6d46487259e,dfcdac26-b3b7-423e-a59c-d18fcf6dbe38
a2c57456-1112-4197-8f56-dcc8e68de3ac,c2bc5cf9-780f-42aa-b707-7dd41a39daa4
a2c57456-1112-4197-8f56-dcc8e68de3ac,7830a853-e465-4019-8073-e269f7f29a84
6da846f9-150b-4b76-8f2d-a4fdd567b7be,7830a853-e465-4019-8073-e269f7f29a84
f0c41dac-0902-4021-b842-789eef346163,20b9f5dd-97b0-40f3-98d7-ec6ca171f1ab
2b19f08e-ee11-49b4-b55e-71c5765cf95c,20b9f5dd-97b0-40f3-98d7-ec6ca171f1ab
a2c57456-1112-4197-8f56-dcc8e68de3ac,20b9f5dd-97b0-40f3-98d7-ec6ca171f1ab
a2c57456-1112-4197-8f56-dcc8e68de3ac,8374d63d-728d-4ff6-8682-4f932b4ca2e3
6da846f9-150b-4b76-8f2d-a4fdd567b7be,8374d63d-728d-4ff6-8682-4f932b4ca2e3
a2c57456-1112-4197-8f56-dcc8e68de3ac,adaf380a-2d17-43f2-98fd-4a16fc3b7f26
7a2ee764-9ec6-4eb2-8745-d6d46487259e,adaf380a-2d17-43f2-98fd-4a16fc3b7f26
a2c57456-1112-4197-8f56-dcc8e68de3ac,38959d82-97b3-486f-a840-bf3cb35824ac
79fe0e95-b628-43dc-9bb6-e96218c76e15,38959d82-97b3-486f-a840-bf3cb35824ac
a2c57456-1112-4197-8f56-dcc8e68de3ac,2f44613f-8711-403b-8949-a9e6ad4973c9
79fe0e95-b628-43dc-9bb6-e96218c76e15,2f44613f-8711-403b-8949-a9e6ad4973c9
a2c57456-1112-4197-8f56-dcc8e68de3ac,8f885ae5-3fd1-4ba5-bc88-8bef4e3b84a7
79fe0e95-b628-43dc-9bb6-e96218c76e15,8f885ae5-3fd1-4ba5-bc88-8bef4e3b84a7
a2c57456-1112-4197-8f56-dcc8e68de3ac,301ac78c-854a-444a-959d-eda1582b8e7b
0fd2defd-b7d6-4bec-8173-ae2a40649d3d,301ac78c-854a-444a-959d-eda1582b8e7b
a2c57456-1112-4197-8f56-dcc8e68de3ac,46a5b91d-806f-4f32-8178-04138b5fda40
79fe0e95-b628-43dc-9bb6-e96218c76e15,46a5b91d-806f-4f32-8178-04138b5fda40
a2c57456-1112-4197-8f56-dcc8e68de3ac,018f71e1-7bc3-4486-95a7-d76b96cb7cfd
79fe0e95-b628-43dc-9bb6-e96218c76e15,018f71e1-7bc3-4486-95a7-d76b96cb7cfd
a2c57456-1112-4197-8f56-dcc8e68de3ac,20031245-4119-4d5c-ae7a-e89e8f199d67
6da846f9-150b-4b76-8f2d-a4fdd567b7be,20031245-4119-4d5c-ae7a-e89e8f199d67
79fe0e95-b628-43dc-9bb6-e96218c76e15,20031245-4119-4d5c-ae7a-e89e8f199d67
a2c57456-1112-4197-8f56-dcc8e68de3ac,69f6a28a-b5ac-4054-856c-a58225e9f501
d4b7b440-05bb-4d54-be94-90b9b0c07027,69f6a28a-b5ac-4054-856c-a58225e9f501
a2c57456-1112-4197-8f56-dcc8e68de3ac,206b649e-6a3a-4074-b5e7-9ad7049d7c99
79fe0e95-b628-43dc-9bb6-e96218c76e15,206b649e-6a3a-4074-b5e7-9ad7049d7c99
a2c57456-1112-4197-8f56-dcc8e68de3ac,ec59c388-5457-477b-9b3d-7f1652890caa
6da846f9-150b-4b76-8f2d-a4fdd567b7be,ec59c388-5457-477b-9b3d-7f1652890caa
a2c57456-1112-4197-8f56-dcc8e68de3ac,7dd1778f-f7e2-4521-abcf-2c5e0b67b142
6da846f9-150b-4b76-8f2d-a4fdd567b7be,7dd1778f-f7e2-4521-abcf-2c5e0b67b142
f0c41dac-0902-4021-b842-789eef346163,044d588d-af33-4662-a502-43c1858ffce0
a2c57456-1112-4197-8f56-dcc8e68de3ac,044d588d-af33-4662-a502-43c1858ffce0
a2c57456-1112-4197-8f56-dcc8e68de3ac,611243b6-cac6-42e7-a3bc-3deca0db086d
79fe0e95-b628-43dc-9bb6-e96218c76e15,611243b6-cac6-42e7-a3bc-3deca0db086d
a2c57456-1112-4197-8f56-dcc8e68de3ac,fe2e7a51-3a08-4019-a99d-0271c75fc5be
79fe0e95-b628-43dc-9bb6-e96218c76e15,fe2e7a51-3a08-4019-a99d-0271c75fc5be
a2c57456-1112-4197-8f56-dcc8e68de3ac,e9cea4bd-5130-4f8f-8aaa-d932af17d6ae
6da846f9-150b-4b76-8f2d-a4fdd567b7be,e9cea4bd-5130-4f8f-8aaa-d932af17d6ae
a2c57456-1112-4197-8f56-dcc8e68de3ac,5ce5f532-d8a4-426c-9a5f-af150201d671
f874e2ea-8321-47f2-8faa-60bd28411cf2,5ce5f532-d8a4-426c-9a5f-af150201d671
a2c57456-1112-4197-8f56-dcc8e68de3ac,3b3a5f77-2fff-4247-b5dc-2722ea83e6ee
6da846f9-150b-4b76-8f2d-a4fdd567b7be,3b3a5f77-2fff-4247-b5dc-2722ea83e6ee
a2c57456-1112-4197-8f56-dcc8e68de3ac,4328906c-ea95-4cf9-a343-54146e201866
6da846f9-150b-4b76-8f2d-a4fdd567b7be,4328906c-ea95-4cf9-a343-54146e201866
a2c57456-1112-4197-8f56-dcc8e68de3ac,27621591-046d-4ad9-8ef7-d59cd1ed8eb2
d4b7b440-05bb-4d54-be94-90b9b0c07027,27621591-046d-4ad9-8ef7-d59cd1ed8eb2
a2c57456-1112-4197-8f56-dcc8e68de3ac,730d7c33-8f2f-47e5-9139-897b40ee3ac0
f0c41dac-0902-4021-b842-789eef346163,836505d5-cf06-49e5-bee7-773ad6be4ac7
3ce81f56-92be-4f47-b104-c1f6070d6e67,836505d5-cf06-49e5-bee7-773ad6be4ac7
a2c57456-1112-4197-8f56-dcc8e68de3ac,836505d5-cf06-49e5-bee7-773ad6be4ac7
f0c41dac-0902-4021-b842-789eef346163,3a38d594-1701-47e4-894c-510429052bd7
a2c57456-1112-4197-8f56-dcc8e68de3ac,3a38d594-1701-47e4-894c-510429052bd7
5c9cf3fe-4ab0-4b63-b750-473cc67401f4,36ef4a46-63a7-4c86-91ad-44605eb05db1
a2c57456-1112-4197-8f56-dcc8e68de3ac,36ef4a46-63a7-4c86-91ad-44605eb05db1
a2c57456-1112-4197-8f56-dcc8e68de3ac,f9318ddf-3b1d-44ef-8e3b-de6457d091c7
f0c41dac-0902-4021-b842-789eef346163,d5a4282a-81f3-4a64-bdd0-98fa2b946b52
a2c57456-1112-4197-8f56-dcc8e68de3ac,d5a4282a-81f3-4a64-bdd0-98fa2b946b52
a2c57456-1112-4197-8f56-dcc8e68de3ac,e4bf5cc1-b9d5-4a40-8481-d7183a66de6e
79fe0e95-b628-43dc-9bb6-e96218c76e15,e4bf5cc1-b9d5-4a40-8481-d7183a66de6e
a2c57456-1112-4197-8f56-dcc8e68de3ac,268eda04-2e01-4e70-b8f0-7a9cd4326677
a2c57456-1112-4197-8f56-dcc8e68de3ac,44d31f5c-58b5-405d-b185-9668f29459bb
79fe0e95-b628-43dc-9bb6-e96218c76e15,44d31f5c-58b5-405d-b185-9668f29459bb
a2c57456-1112-4197-8f56-dcc8e68de3ac,54886f6d-f32d-48b3-8cad-094f047cfd54
79fe0e95-b628-43dc-9bb6-e96218c76e15,54886f6d-f32d-48b3-8cad-094f047cfd54
a2c57456-1112-4197-8f56-dcc8e68de3ac,746faa5f-711d-405d-8eb8-b5e026ea114a
7a2ee764-9ec6-4eb2-8745-d6d46487259e,746faa5f-711d-405d-8eb8-b5e026ea114a
a2c57456-1112-4197-8f56-dcc8e68de3ac,a542276b-3a58-49f2-858d-7fb0e1c9a7cc
f874e2ea-8321-47f2-8faa-60bd28411cf2,a542276b-3a58-49f2-858d-7fb0e1c9a7cc
7a2ee764-9ec6-4eb2-8745-d6d46487259e,a542276b-3a58-49f2-858d-7fb0e1c9a7cc
5c9cf3fe-4ab0-4b63-b750-473cc67401f4,9014fd49-9268-4629-94c7-10934fe0ad52
a2c57456-1112-4197-8f56-dcc8e68de3ac,9014fd49-9268-4629-94c7-10934fe0ad52
a2c57456-1112-4197-8f56-dcc8e68de3ac,b13555e5-9eb3-461e-9678-ed7505302e03
5c9cf3fe-4ab0-4b63-b750-473cc67401f4,0313e045-df52-40aa-aef6-cf7dfcb267d0
a2c57456-1112-4197-8f56-dcc8e68de3ac,0313e045-df52-40aa-aef6-cf7dfcb267d0
a2c57456-1112-4197-8f56-dcc8e68de3ac,408c8859-783b-4158-aea1-7323105174d7
04cb4925-1176-4112-a9b7-e977d9dd3bcd,408c8859-783b-4158-aea1-7323105174d7
a2c57456-1112-4197-8f56-dcc8e68de3ac,9648675d-1712-436f-b12a-1d27f5aaf946
6da846f9-150b-4b76-8f2d-a4fdd567b7be,9648675d-1712-436f-b12a-1d27f5aaf946
f0c41dac-0902-4021-b842-789eef346163,5ce9ab8a-4578-4882-8d15-5ecfda5a751b
a2c57456-1112-4197-8f56-dcc8e68de3ac,5ce9ab8a-4578-4882-8d15-5ecfda5a751b
f0c41dac-0902-4021-b842-789eef346163,02aed2e0-8a7b-4561-9fda-06fb0c25ef12
a2c57456-1112-4197-8f56-dcc8e68de3ac,02aed2e0-8a7b-4561-9fda-06fb0c25ef12
a2c57456-1112-4197-8f56-dcc8e68de3ac,9725004a-4b57-4a20-98ed-48d4761f948b
a2c57456-1112-4197-8f56-dcc8e68de3ac,9b2b151e-2437-44db-b2f6-3580b4d8b65f
d4b7b440-05bb-4d54-be94-90b9b0c07027,9b2b151e-2437-44db-b2f6-3580b4d8b65f
a2c57456-1112-4197-8f56-dcc8e68de3ac,0f1f8792-e6bf-47ea-abf4-e87dad808daf
0fd2defd-b7d6-4bec-8173-ae2a40649d3d,0f1f8792-e6bf-47ea-abf4-e87dad808daf
f0c41dac-0902-4021-b842-789eef346163,ae30de43-a947-4b19-9945-3587739fcea1
a2c57456-1112-4197-8f56-dcc8e68de3ac,ae30de43-a947-4b19-9945-3587739fcea1
fc4413bf-ec9e-43b7-bb98-ede8f2687e75,ae30de43-a947-4b19-9945-3587739fcea1
a2c57456-1112-4197-8f56-dcc8e68de3ac,65e2b0c4-e7e5-43b5-9a01-73dbed5cedb1
79fe0e95-b628-43dc-9bb6-e96218c76e15,65e2b0c4-e7e5-43b5-9a01-73dbed5cedb1
f0c41dac-0902-4021-b842-789eef346163,07010820-e31d-47e7-8dec-576ff9172fb8
a2c57456-1112-4197-8f56-dcc8e68de3ac,07010820-e31d-47e7-8dec-576ff9172fb8
a2c57456-1112-4197-8f56-dcc8e68de3ac,ee3f0fcb-ba71-4fed-ad47-2ad65897c1ec
79fe0e95-b628-43dc-9bb6-e96218c76e15,ee3f0fcb-ba71-4fed-ad47-2ad65897c1ec
f0c41dac-0902-4021-b842-789eef346163,b0a9e125-487c-4cef-9d69-5e811cb60592
a2c57456-1112-4197-8f56-dcc8e68de3ac,b0a9e125-487c-4cef-9d69-5e811cb60592
a2c57456-1112-4197-8f56-dcc8e68de3ac,7be5020b-18d8-41bf-b25f-f855173e1823
6da846f9-150b-4b76-8f2d-a4fdd567b7be,7be5020b-18d8-41bf-b25f-f855173e1823
a2c57456-1112-4197-8f56-dcc8e68de3ac,eef1cb19-09ac-4305-bd96-ed32b661edba
0fd2defd-b7d6-4bec-8173-ae2a40649d3d,eef1cb19-09ac-4305-bd96-ed32b661edba
a2c57456-1112-4197-8f56-dcc8e68de3ac,542e1046-5d46-4c71-a8d1-7e3fda04c022
79fe0e95-b628-43dc-9bb6-e96218c76e15,542e1046-5d46-4c71-a8d1-7e3fda04c022
a2c57456-1112-4197-8f56-dcc8e68de3ac,cc038401-f236-4cbe-ab69-33d0c0a5f832
6da846f9-150b-4b76-8f2d-a4fdd567b7be,cc038401-f236-4cbe-ab69-33d0c0a5f832
a2c57456-1112-4197-8f56-dcc8e68de3ac,842e0bf2-ee28-4e8d-9d59-7f3c6f489f89
79fe0e95-b628-43dc-9bb6-e96218c76e15,842e0bf2-ee28-4e8d-9d59-7f3c6f489f89
a2c57456-1112-4197-8f56-dcc8e68de3ac,4cdf9018-13c9-4ad1-8948-fc2bccdf4094
79fe0e95-b628-43dc-9bb6-e96218c76e15,4cdf9018-13c9-4ad1-8948-fc2bccdf4094
a2c57456-1112-4197-8f56-dcc8e68de3ac,847a3158-9fa1-43cd-b996-2693fd32292f
6da846f9-150b-4b76-8f2d-a4fdd567b7be,847a3158-9fa1-43cd-b996-2693fd32292f
a2c57456-1112-4197-8f56-dcc8e68de3ac,0947df94-1ccd-4dc8-8b8f-466652943d5b
6da846f9-150b-4b76-8f2d-a4fdd567b7be,0947df94-1ccd-4dc8-8b8f-466652943d5b
a2c57456-1112-4197-8f56-dcc8e68de3ac,ac3820d0-6b52-4647-9e01-8d8051cebd7c
a2c57456-1112-4197-8f56-dcc8e68de3ac,0cb1b460-bef7-462b-bfa4-02c2dca54805
79fe0e95-b628-43dc-9bb6-e96218c76e15,0cb1b460-bef7-462b-bfa4-02c2dca54805
f0c41dac-0902-4021-b842-789eef346163,2023f023-d4b0-459b-9443-801d387fb82e
a2c57456-1112-4197-8f56-dcc8e68de3ac,2023f023-d4b0-459b-9443-801d387fb82e
a2c57456-1112-4197-8f56-dcc8e68de3ac,caee8054-faf1-49a0-acc9-8ee61f4abc08
79fe0e95-b628-43dc-9bb6-e96218c76e15,caee8054-faf1-49a0-acc9-8ee61f4abc08
a2c57456-1112-4197-8f56-dcc8e68de3ac,b3743164-7c80-4217-8d10-21dc80c2594d
79fe0e95-b628-43dc-9bb6-e96218c76e15,b3743164-7c80-4217-8d10-21dc80c2594d
a2c57456-1112-4197-8f56-dcc8e68de3ac,14930d65-6b1a-498a-be3c-0c4260656be9
6da846f9-150b-4b76-8f2d-a4fdd567b7be,14930d65-6b1a-498a-be3c-0c4260656be9
a2c57456-1112-4197-8f56-dcc8e68de3ac,47f5fb02-50c8-47c5-aa6d-cfc902d13157
a2c57456-1112-4197-8f56-dcc8e68de3ac,383ebac4-05c3-4ddf-bb5f-ead080782206
a2c57456-1112-4197-8f56-dcc8e68de3ac,949c7032-533e-4faa-a948-3ffb45b6cee3
6da846f9-150b-4b76-8f2d-a4fdd567b7be,949c7032-533e-4faa-a948-3ffb45b6cee3
f0c41dac-0902-4021-b842-789eef346163,79e4f7e6-d0be-4cfe-9d03-f25f633b9e26
a2c57456-1112-4197-8f56-dcc8e68de3ac,79e4f7e6-d0be-4cfe-9d03-f25f633b9e26
a2c57456-1112-4197-8f56-dcc8e68de3ac,9262a743-0868-4f17-a07a-b026117be924
79fe0e95-b628-43dc-9bb6-e96218c76e15,9262a743-0868-4f17-a07a-b026117be924
a2c57456-1112-4197-8f56-dcc8e68de3ac,55e1b771-8e7e-4720-b15c-eb08c28bcee2
f0c41dac-0902-4021-b842-789eef346163,bfa1e1d3-2c29-4f11-82ac-106b66af0fdd
a2c57456-1112-4197-8f56-dcc8e68de3ac,bfa1e1d3-2c29-4f11-82ac-106b66af0fdd
f0c41dac-0902-4021-b842-789eef346163,340364d6-ebe2-418f-94fa-1c330720cd80
a2c57456-1112-4197-8f56-dcc8e68de3ac,340364d6-ebe2-418f-94fa-1c330720cd80
a2c57456-1112-4197-8f56-dcc8e68de3ac,e7860f2d-26a7-4b91-8bb3-c36b3d382052
79fe0e95-b628-43dc-9bb6-e96218c76e15,e7860f2d-26a7-4b91-8bb3-c36b3d382052
f0c41dac-0902-4021-b842-789eef346163,32c9e758-5882-4dca-94f4-338bb57c3c46
a2c57456-1112-4197-8f56-dcc8e68de3ac,32c9e758-5882-4dca-94f4-338bb57c3c46
5c9cf3fe-4ab0-4b63-b750-473cc67401f4,6bba2eca-2eb1-4c61-a107-1058b6c1dfd8
a2c57456-1112-4197-8f56-dcc8e68de3ac,6bba2eca-2eb1-4c61-a107-1058b6c1dfd8
a2c57456-1112-4197-8f56-dcc8e68de3ac,02d822f7-2037-4a04-b4dd-db5c4c284153
79fe0e95-b628-43dc-9bb6-e96218c76e15,02d822f7-2037-4a04-b4dd-db5c4c284153
a2c57456-1112-4197-8f56-dcc8e68de3ac,ca589be0-919a-4936-8b6c-91a9b2807d3a
79fe0e95-b628-43dc-9bb6-e96218c76e15,ca589be0-919a-4936-8b6c-91a9b2807d3a
a2c57456-1112-4197-8f56-dcc8e68de3ac,494af9a6-4b17-4d38-a647-a9d4fdd027bd
79fe0e95-b628-43dc-9bb6-e96218c76e15,494af9a6-4b17-4d38-a647-a9d4fdd027bd
f0c41dac-0902-4021-b842-789eef346163,5548b8cf-cb98-4df5-9de0-0c327a1c0eac
a2c57456-1112-4197-8f56-dcc8e68de3ac,5548b8cf-cb98-4df5-9de0-0c327a1c0eac
a2c57456-1112-4197-8f56-dcc8e68de3ac,efc63dc9-f994-4cb8-a266-89ded6050f1a
a2c57456-1112-4197-8f56-dcc8e68de3ac,bc3c31d2-5174-4f38-bb0e-f982273437c9
a2c57456-1112-4197-8f56-dcc8e68de3ac,108619a1-4c34-4b8d-b525-bb9e2200298a
79fe0e95-b628-43dc-9bb6-e96218c76e15,108619a1-4c34-4b8d-b525-bb9e2200298a
a2c57456-1112-4197-8f56-dcc8e68de3ac,70d49e81-2e91-4a48-8eda-1e59a5fe0627
6da846f9-150b-4b76-8f2d-a4fdd567b7be,70d49e81-2e91-4a48-8eda-1e59a5fe0627
a2c57456-1112-4197-8f56-dcc8e68de3ac,96dc1097-09f8-4011-b1bb-13bcb9bcf329
79fe0e95-b628-43dc-9bb6-e96218c76e15,96dc1097-09f8-4011-b1bb-13bcb9bcf329
a2c57456-1112-4197-8f56-dcc8e68de3ac,3f02fea8-89c6-4aa6-8895-b4bddd7ac51f
79fe0e95-b628-43dc-9bb6-e96218c76e15,3f02fea8-89c6-4aa6-8895-b4bddd7ac51f
a2c57456-1112-4197-8f56-dcc8e68de3ac,21ee5d24-bd14-413e-ac73-a61b2b53b726
f874e2ea-8321-47f2-8faa-60bd28411cf2,21ee5d24-bd14-413e-ac73-a61b2b53b726
a2c57456-1112-4197-8f56-dcc8e68de3ac,ee089357-74fe-4b83-8567-1327f45d5fe3
79fe0e95-b628-43dc-9bb6-e96218c76e15,ee089357-74fe-4b83-8567-1327f45d5fe3
a2c57456-1112-4197-8f56-dcc8e68de3ac,5b34ae50-8860-4765-b2b6-bae975bed8b4
d4b7b440-05bb-4d54-be94-90b9b0c07027,5b34ae50-8860-4765-b2b6-bae975bed8b4
a2c57456-1112-4197-8f56-dcc8e68de3ac,25274bf5-8fa8-4aef-9a68-813e909ee0d4
a2c57456-1112-4197-8f56-dcc8e68de3ac,774b915c-0a6b-4036-b6e3-c6fc1942b110
79fe0e95-b628-43dc-9bb6-e96218c76e15,774b915c-0a6b-4036-b6e3-c6fc1942b110
a2c57456-1112-4197-8f56-dcc8e68de3ac,e0efa408-6d0a-4c90-ae39-d0f473b5c990
f0c41dac-0902-4021-b842-789eef346163,b57ed173-f34c-48a0-be3a-17f135e61ee2
a2c57456-1112-4197-8f56-dcc8e68de3ac,b57ed173-f34c-48a0-be3a-17f135e61ee2
a2c57456-1112-4197-8f56-dcc8e68de3ac,f46d00f5-1329-44f4-aa3f-a196826d01da
6da846f9-150b-4b76-8f2d-a4fdd567b7be,f46d00f5-1329-44f4-aa3f-a196826d01da
a2c57456-1112-4197-8f56-dcc8e68de3ac,56845593-e0ec-41ea-9c66-359e6240222d
6da846f9-150b-4b76-8f2d-a4fdd567b7be,56845593-e0ec-41ea-9c66-359e6240222d
a2c57456-1112-4197-8f56-dcc8e68de3ac,2a7ada53-392d-4676-a611-04cb07482eb1
6da846f9-150b-4b76-8f2d-a4fdd567b7be,2a7ada53-392d-4676-a611-04cb07482eb1
a2c57456-1112-4197-8f56-dcc8e68de3ac,019a2c4d-4082-4f12-9abb-e3c1be8ba5a2
6da846f9-150b-4b76-8f2d-a4fdd567b7be,019a2c4d-4082-4f12-9abb-e3c1be8ba5a2
5c9cf3fe-4ab0-4b63-b750-473cc67401f4,d84b2f0e-c62d-41b9-a0c8-4261619be74c
a2c57456-1112-4197-8f56-dcc8e68de3ac,d84b2f0e-c62d-41b9-a0c8-4261619be74c
a2c57456-1112-4197-8f56-dcc8e68de3ac,4039948a-31f9-4750-9587-34f2d62d7a92
79fe0e95-b628-43dc-9bb6-e96218c76e15,4039948a-31f9-4750-9587-34f2d62d7a92
a2c57456-1112-4197-8f56-dcc8e68de3ac,b4cacf9f-a026-4ddf-ac49-0ef2c28eaf41
6da846f9-150b-4b76-8f2d-a4fdd567b7be,b4cacf9f-a026-4ddf-ac49-0ef2c28eaf41
