experiment_name,experiment_symbol,subtype,experiment_uuid,experiment_category_uuid
RNA-Seq,RNA-Seq,,f0c41dac-0902-4021-b842-789eef346163,e837175c-32f3-491b-9cde-05822c643573
RNA-Seq,RNA-Seq,mRNA,3ce81f56-92be-4f47-b104-c1f6070d6e67,e837175c-32f3-491b-9cde-05822c643573
RNA-Seq,RNA-Seq,gRNA,f808ecb9-d8f4-48c7-bc7b-459943f218f6,e837175c-32f3-491b-9cde-05822c643573
RNA-Seq,RNA-Seq,Long Noncoding RNA (LncRNA),2b19f08e-ee11-49b4-b55e-71c5765cf95c,e837175c-32f3-491b-9cde-05822c643573
Whole Genome Sequencing (WGS),WGS,Low Pass,99ab2adf-363d-4cbd-9390-b93146adfe1b,d1081c4e-3dfb-4cf2-9fbb-4c7c6351870d
CRISPR,CRISPR,,5c9cf3fe-4ab0-4b63-b750-473cc67401f4,ceb977d3-fc81-4a77-92aa-49700497a816
RNA-Seq,RNA-Seq,Single Cell RNA-Seq (scRNA-seq),a2c57456-1112-4197-8f56-dcc8e68de3ac,e837175c-32f3-491b-9cde-05822c643573
ATAC-Seq,ATAC-Seq,Single Nucleus ATAC-Seq (snATAC-seq),1a05e78a-7a6e-4a13-996c-82a49a2b789f,8c2fe0e4-f1d0-4bc9-a939-17ecd2d0d9c0
RNA-Seq,RNA-Seq,Single Nucleus RNA-Seq (snRNA-seq),fc4413bf-ec9e-43b7-bb98-ede8f2687e75,e837175c-32f3-491b-9cde-05822c643573
ATAC-Seq,ATAC-Seq,Single Cell ATAC-Seq (scATAC-seq),f874e2ea-8321-47f2-8faa-60bd28411cf2,8c2fe0e4-f1d0-4bc9-a939-17ecd2d0d9c0
Reduced-Representation Bisulfite Sequencing (RRBS-seq),RRBS-Seq,,6da846f9-150b-4b76-8f2d-a4fdd567b7be,6bfb0c3a-f42d-48a2-82c3-c76d73a35712
DREAM,Dream,,0fd2defd-b7d6-4bec-8173-ae2a40649d3d,999ed8e5-9892-41e4-a4bb-fae12c96205d
16S rRNA,16S rRNA,,04cb4925-1176-4112-a9b7-e977d9dd3bcd,4c41ffb2-e8e2-4d83-851e-4cf2a4cba585
CUT&RUN,CUT&RUN,,c433c399-2f87-4520-8547-286977d9a3e0,b3640b50-f045-456b-8cc0-379b2e316157
Chromatin Immunoprecipitation Sequencing (ChIP-Seq),ChIP-Seq,,d4b7b440-05bb-4d54-be94-90b9b0c07027,a493ac8c-afeb-4480-ac57-dac81b86df2f
ATAC-Seq,ATAC-Seq,,7a2ee764-9ec6-4eb2-8745-d6d46487259e,8c2fe0e4-f1d0-4bc9-a939-17ecd2d0d9c0
Bisulfite Amplicon Sequencing (BSAS),BSAS,,79fe0e95-b628-43dc-9bb6-e96218c76e15,fe6f455d-f5f4-4a86-a03e-ae27cac1a0a0
