date,folderpath,foldername,reduced_foldername,reduced_jjdescription,jj_description,jj_type,cbix1/2,folder_uuid
2024-04-10,../../mnt/data/research_data/2024-04-10_chip_ampliseq_jj,2024-04-10_chip_ampliseq_jj,_chip_ampliseq_jj,,,,CBIX,771e6a42-b486-4dc2-8d2a-f1b8b7632b20
2019-08-16,../../mnt/data/research_data/2019-08-16_gencove_CORI,2019-08-16_gencove_CORI,_gencove_cori,laura cori samples,Laura CORI samples,low pass WGS,CBIX,4078a586-f3d2-4b43-b454-43428076244a
2022-09-06,../../mnt/data/research_data/2022-09-06_rnaseq_human_mcf7_platoff_cooper,2022-09-06_rnaseq_human_mcf7_platoff_cooper,_rnaseq_human_mcf7_platoff_cooper,cooper human,Cooper human,RNA-seq,CBIX,c12e87a9-7b31-4900-9c35-373a2fe4c1d1
2019-08-29,../../mnt/data/research_data/2019-08-29_rrbs39_himani_intestine_12month,2019-08-29_rrbs39_himani_intestine_12month,_rrbs39_himani_intestine_12month,himani mouse intestine and colon young old,Himani mouse intestine and colon young old,RRBS,CBIX,ed76fcad-fc4d-412a-b4df-e4031e3ef735
2022-02-24,../../mnt/data/research_data/2022-02-24_25_bis_amplicon_cori_op1,2022-02-24_25_bis_amplicon_cori_op1,_25_bis_amplicon_cori_op1,woonbok saliva cori optin goals,Woonbok saliva CORI Optin Goals,bisamp,CBIX,b6a686a5-29d2-4cb0-b9f1-fb2a551a9539
2023-01-20,../../mnt/data/research_data/2023-01-20_sc_rnaseq_mouse_intestine_miseq,2023-01-20_sc_rnaseq_mouse_intestine_miseq,_sc_rnaseq_mouse_intestine_miseq,himani mouse intestine,Himani mouse intestine,scRNA-seq,CBIX,4dd353e7-f035-460b-80f3-2bb5456b6872
2023-06-09,../../mnt/data/research_data/2023-06-09_rnaseq_human_shoghag,2023-06-09_rnaseq_human_shoghag,_rnaseq_human_shoghag,,,,CBIX,6d4a0f6d-d3ee-4fa6-904d-4fb1a9a03c08
2020-06-24,../../mnt/data/research_data/2020-06-24_rnaseq_mouse_hyeseon,2020-06-24_rnaseq_mouse_hyeseon,_rnaseq_mouse_hyeseon,hyeseon mouse aorta endothelial cells young old,HyeSeon mouse aorta endothelial cells young old,RNA-seq,CBIX,738dfdd1-c9d4-488e-aa5e-383110c4266e
2019-06-06,../../mnt/data/research_data/2019-06-06_CutRun_Som,2019-06-06_CutRun_Som,_cutrun_som,"som brg, k9me3, cdk9, k9me3","Som BRG, K9me3, CDK9, K9me3",Cut&Run,CBIX,06f1221c-dc5c-409c-aa1d-9fc38a7aa31c
2020-07-31,../../mnt/data/research_data/2020-07-31_scRNAseq_10X_jian,2020-07-31_scRNAseq_10X_jian,_scrnaseq_10x_jian,jian huang mouse tet+/- evi+/-,Jian Huang mouse TET+/- EVI+/-,scRNA-seq,CBIX,46b06a86-bcd3-4c8c-9e66-176ce48db823
2023-01-18,../../mnt/data/research_data/2023-01-18_bisamp_colon_tumors_peace,2023-01-18_bisamp_colon_tumors_peace,_bisamp_colon_tumors_peace,peace colon tumors,Peace colon tumors,bisamp,CBIX,04e6a57c-62bc-459a-b272-6a41a5e60a37
2019-07-17,../../mnt/data/research_data/2019-07-17_rrbs24B_redownload,2019-07-17_rrbs24B_redownload,_rrbs24b_redownload,himani mouse intestine and colon,Himani mouse intestine and colon,RRBS,CBIX,d22ddf78-4f6f-466a-a09a-55f1c4a6ffda
2022-12-22,../../mnt/data/research_data/2022-12-22_bisamp_oldhigh_mpb_nano,2022-12-22_bisamp_oldhigh_mpb_nano,_bisamp_oldhigh_mpb_nano,jj mpb oldhigh targets,JJ MPB oldhigh targets,bisamp,CBIX,336675ed-c8d8-40e7-8789-272de144d11f
2023-06-13,../../mnt/data/research_data/2023-06-13_bisamp_x15_colon_left,2023-06-13_bisamp_x15_colon_left,_bisamp_x15_colon_left,,,,CBIX,c5606447-6c6b-4e90-89ec-92a714aa8405
2023-03-22,../../mnt/data/research_data/2023-03-22_rnaseq_human_mouse_diego,2023-03-22_rnaseq_human_mouse_diego,_rnaseq_human_mouse_diego,,,,CBIX,26579526-aadf-4cf5-8d40-804e68c926ec
2022-09-30,../../mnt/data/research_data/2022-09-30_sc_atac_seq_human_brain_miseq_nano,2022-09-30_sc_atac_seq_human_brain_miseq_nano,_sc_atac_seq_human_brain_miseq_nano,jj human brain,JJ human brain,scATAC-seq,CBIX,c653c9ab-3b30-4e85-979c-8c3bfe7833fb
2023-03-21,../../mnt/data/research_data/2023-03-21_rnaseq_human_almedia,2023-03-21_rnaseq_human_almedia,_rnaseq_human_almedia,,,,CBIX,82db79bf-e17f-4274-bcd5-1cc17130ac48
2021-10-27,../../mnt/data/research_data/2021-10-27_bis_amplicon_cooper2x48,2021-10-27_bis_amplicon_cooper2x48,_bis_amplicon_cooper2x48,woonbok cooper blood,Woonbok Cooper blood,bisamp,CBIX,e9877932-7379-46c0-9d47-ce6802e0bb8a
2021-08-03,../../mnt/data/research_data/2021-08-03_cooper_blood92,2021-08-03_cooper_blood92,_cooper_blood92,woonbok cooper blood,Woonbok Cooper blood,bisamp,CBIX,7dae23ea-fb6b-4d1e-a7d9-06eda794dc1c
2022-09-29,../../mnt/data/research_data/2022-09-29_rnaseq_human_miapaca2_gigi_cooper,2022-09-29_rnaseq_human_miapaca2_gigi_cooper,_rnaseq_human_miapaca2_gigi_cooper,cooper human,Cooper human,RNA-seq,CBIX,184569b4-e8fc-4dca-99b8-d688b2e2f45a
2022-02-10,../../mnt/data/research_data/2022-02-10_hek_scrna_miseq_nano,2022-02-10_hek_scrna_miseq_nano,_hek_scrna_miseq_nano,jj 10x chromium test,JJ 10X Chromium test,scRNA-seq,CBIX,d4b5f0ed-4151-4aa5-9d5f-0db06f92c704
2023-05-25,../../mnt/data/research_data/2023-05-25_bisamp_x15_leukemia,2023-05-25_bisamp_x15_leukemia,_bisamp_x15_leukemia,,,,CBIX,61857335-3fcb-4949-aed6-302ea7ffebff
2024-03-19,../../mnt/data/research_data/2024-03-19_rrbs_mouse_peace,2024-03-19_rrbs_mouse_peace,_rrbs_mouse_peace,,,,CBIX,493df0a2-be5a-4303-add9-8292e4898575
2022-04-11,../../mnt/data/research_data/2022-04-11_10XsnRNAseq_mouse_brain,2022-04-11_10XsnRNAseq_mouse_brain,_10xsnrnaseq_mouse_brain,jj mouse frozen brain,JJ mouse frozen brain,scRNA-seq,CBIX,6cceb556-2200-4b46-81cc-0feb378386e0
2022-05-03,../../mnt/data/research_data/2022-05-03_mouse_brain_snRNAseq,2022-05-03_mouse_brain_snRNAseq,_mouse_brain_snrnaseq,jj mouse frozen brain,JJ mouse frozen brain,scRNA-seq,CBIX,43a327dd-f046-4869-92a6-5504763b8ade
2023-01-10,../../mnt/data/research_data/2023-01-10_rnaseq_human_jian2,2023-01-10_rnaseq_human_jian2,_rnaseq_human_jian2,jian huang wt spry3ko spry4ko gilterinib,Jian Huang WT SPRY3KO SPRY4KO Gilterinib,RNA-seq,CBIX,6b50fb13-112a-41b9-9096-bd3ad1cd6dae
2021-08-26,../../mnt/data/research_data/2021-08-26_novaseq_rrbs_mouse_peace_himani,2021-08-26_novaseq_rrbs_mouse_peace_himani,_novaseq_rrbs_mouse_peace_himani,peace mouse gf aging,Peace mouse gf aging,RRBS,CBIX,c8f6222e-c3b1-48f2-b155-cbef76afcac7
2022-05-11,../../mnt/data/research_data/2022-05-11_rrbs_129svev_aging_bac_mouse_colon_peace_miseq_nano,2022-05-11_rrbs_129svev_aging_bac_mouse_colon_peace_miseq_nano,_rrbs_129svev_aging_bac_mouse_colon_peace_miseq_nano,peace aging mouse colon,Peace aging mouse colon,RRBS,CBIX,e4b39961-cfda-4e34-94d9-c55c709ea2a5
2023-01-21,../../mnt/data/research_data/2023-01-21_sc_atac_mouse_intestine,2023-01-21_sc_atac_mouse_intestine,_sc_atac_mouse_intestine,himani mouse intestine,Himani mouse intestine,scATAC-seq,CBIX,25113031-6775-4e7c-988f-860a0979d432
2023-05-29,../../mnt/data/research_data/2023-05-29_rnaseq_mouse_intestine_himani,2023-05-29_rnaseq_mouse_intestine_himani,_rnaseq_mouse_intestine_himani,,,,CBIX,4c0791ef-965e-4cbe-8589-faf35f96e450
2024-04-05,../../mnt/data/research_data/2024-04-05_rnaseq_human_yanting_shumei_song,2024-04-05_rnaseq_human_yanting_shumei_song,_rnaseq_human_yanting_shumei_song,,,,CBIX,561f0c37-5872-4928-9365-6cf59512ce4b
2023-01-19,../../mnt/data/research_data/2023-01-19_crispr_zhaorui_human,2023-01-19_crispr_zhaorui_human,_crispr_zhaorui_human,zhaorui human nalm13 nalm14 wt p53ko,Zhaorui human NALM13 NALM14 wt p53ko,CRISPR,CBIX,785da8ff-de38-4f56-9487-476918314e48
2023-02-17,../../mnt/data/research_data/2023-02-17_bisamp_mpb_x15,2023-02-17_bisamp_mpb_x15,_bisamp_mpb_x15,jj mpb 15 targets,JJ MPB 15 targets,bisamp,CBIX,b4945ac7-35f9-42ad-b2f8-7cad10a022be
2019-06-18,../../mnt/data/research_data/2019-06-18_rrbs37_hyeseon_mouse_endo_kidney,2019-06-18_rrbs37_hyeseon_mouse_endo_kidney,_rrbs37_hyeseon_mouse_endo_kidney,"hyeseon mouse endothelial cells, kidney, young, old","HyeSeon mouse endothelial cells, kidney, young, old",RRBS,CBIX,3d0358ee-eb40-4ace-8745-a9b96f127600
2020-01-03,../../mnt/data/research_data/2020-01-03_novogene_rrbs_43-45_aging_mouse,2020-01-03_novogene_rrbs_43-45_aging_mouse,_novogene_rrbs_43-45_aging_mouse,hyeseon mouse aging blood heart brain liver lung kidney skeletal muscle,HyeSeon mouse aging blood heart brain liver lung kidney skeletal muscle,RRBS,CBIX,9fb630b8-5ab0-4180-adeb-aaa4877e06c8
2022-12-05,../../mnt/data/research_data/2022-12-05_bisamp_colon93,2022-12-05_bisamp_colon93,_bisamp_colon93,woonbok colon,Woonbok colon,bisamp,CBIX,28b3e1ba-d635-49c7-be66-3a85683b9ef9
2020-08-22,../../mnt/data/research_data/2020-08-22_human_bisulfite_amplicon_woonbok,2020-08-22_human_bisulfite_amplicon_woonbok,_human_bisulfite_amplicon_woonbok,woonbok ninds bisulfite amplicon pcr 6 loci,Woonbok NINDS bisulfite amplicon PCR 6 loci,bisamp,CBIX,af55da21-7cc1-4fa9-80d4-a74889679f94
2021-08-26,../../mnt/data/research_data/2021-08-26_novaseq_YB5,2021-08-26_novaseq_YB5,_novaseq_yb5,jj yb5,JJ YB5,WGS,CBIX,8a322dc0-9a00-4151-8d67-a05f98f97b29
2023-03-16,../../mnt/data/research_data/2023-03-16_crispr_clones_jian,2023-03-16_crispr_clones_jian,_crispr_clones_jian,,,,CBIX,846a5adf-0c2c-464e-8f14-83523298abf0
2022-04-06,../../mnt/data/research_data/2022-04-06_bis_amplicon_cori_op2,2022-04-06_bis_amplicon_cori_op2,_bis_amplicon_cori_op2,woonbok saliva cori optin goals,Woonbok saliva CORI Optin Goals,bisamp,CBIX,81efefd8-ecc8-4282-8cd2-8c0b355bc971
2023-05-19,../../mnt/data/research_data/2023-05-19_rrbs_mouse_himani,2023-05-19_rrbs_mouse_himani,_rrbs_mouse_himani,,,,CBIX,b6133daa-71b2-4a61-83e6-eb026c587f7f
2022-10-11,../../mnt/data/research_data/2022-10-11_RNAseq_YB5_almedia,2022-10-11_RNAseq_YB5_almedia,_rnaseq_yb5_almedia,almedia yb5 dmso dac bsj dbet,Almedia YB5 dmso dac bsj dbet,RNA-seq,CBIX,5bdc8f9f-cb8f-43d3-b39a-d79625feb780
2023-06-11,../../mnt/data/research_data/2023-06-11_bis_amplicon_cuh4,2023-06-11_bis_amplicon_cuh4,_bis_amplicon_cuh4,,,,CBIX,aa975234-e0a3-4972-a7ca-6518c74c1f01
2019-08-29,../../mnt/data/research_data/2019-08-29_dream133_peace_human_crc,2019-08-29_dream133_peace_human_crc,_dream133_peace_human_crc,peace human colon tumors and adjacent normal tissue,Peace human colon tumors and adjacent normal tissue,DREAM,CBIX,be9f0f17-b24c-4c5d-beae-aed9452e588a
2019-10-02,../../mnt/data/research_data/2019-10-02_rrbs35_novogene,2019-10-02_rrbs35_novogene,_rrbs35_novogene,woonbok ninds aging blood controls,Woonbok NINDS aging blood controls,RRBS,CBIX,2ffd5ba9-828e-4560-9d0b-f2111159733f
2024-01-02,../../mnt/data/research_data/2024-01-02_multiome_bcl_mouse_himani,2024-01-02_multiome_bcl_mouse_himani,_multiome_bcl_mouse_himani,,,,CBIX,139a44d0-4bed-4b95-a07c-3bb2291bff65
2021-07-28,../../mnt/data/research_data/2021-07-28_bis_amplicon_cr92_colon_norm_tumor_e_saliva_aging,2021-07-28_bis_amplicon_cr92_colon_norm_tumor_e_saliva_aging,_bis_amplicon_cr92_colon_norm_tumor_e_saliva_aging,woonbok colon norm tumor saliva,Woonbok colon norm tumor saliva,bisamp,CBIX,c3e9c834-7ab3-435e-8ff1-8e299aa6ecf7
2019-07-17,../../mnt/data/research_data/2019-07-17_16S_redownload_peace_colon_cancer,2019-07-17_16S_redownload_peace_colon_cancer,_16s_redownload_peace_colon_cancer,peace human colon tumors and adjacent normal tissue,Peace human colon tumors and adjacent normal tissue,16S,CBIX,ce8c729e-598a-460a-ae63-5cc746eddd6b
2022-11-18,../../mnt/data/research_data/2022-11-18_snATACseq_human_brain,2022-11-18_snATACseq_human_brain,_snatacseq_human_brain,jj human brain,JJ human brain,scATAC-seq,CBIX,79fa8b17-ac2c-4856-9dc0-48cdb3e8586f
Null,../../mnt/data/research_data/230418_M04817_0069_000000000-GGRF5,230418_M04817_0069_000000000-GGRF5,230418_m04817_0069_000000000-ggrf5,,,,CBIX,786cff61-86d4-42ac-9dc7-607a59a6d1f5
2019-06-18,../../mnt/data/research_data/2019-06-18_rrbs36_hyeseon_mouse_heart_blood,2019-06-18_rrbs36_hyeseon_mouse_heart_blood,_rrbs36_hyeseon_mouse_heart_blood,"hyeseon mouse heart, blood, young, old","HyeSeon mouse heart, blood, young, old",RRBS,CBIX,fa12e62b-cb3e-420a-91fa-a8a01272dbae
2022-05-10,../../mnt/data/research_data/2022-05-10_ying_wang_atacseq,2022-05-10_ying_wang_atacseq,_ying_wang_atacseq,yi zhang mouse wt id3 ko,Yi Zhang mouse WT ID3 KO,ATAC-seq,CBIX,765d6cac-1272-4dcd-9f47-8ed63c2992b3
2021-04-16,../../mnt/data/research_data/2021-04-16_bis_amplicons_woonbok,2021-04-16_bis_amplicons_woonbok,_bis_amplicons_woonbok,woonbok ninds cord blood,Woonbok NINDS cord blood,bisamp,CBIX,379ed4a8-941b-463a-b543-31b9e907814c
2020-11-18,../../mnt/data/research_data/2020-11-18_hWGS_12878_NA_FFPE_Matt,2020-11-18_hWGS_12878_NA_FFPE_Matt,_hwgs_12878_na_ffpe_matt,matt na12878 gdna and formalin fixed,Matt NA12878 gDNA and formalin fixed,WGS,CBIX,a44b7731-bdcd-4d6c-bca9-82ea9e61f63e
2023-01-17,../../mnt/data/research_data/2023-01-17_scRNAseq_mouse_jian_novogene,2023-01-17_scRNAseq_mouse_jian_novogene,_scrnaseq_mouse_jian_novogene,jian huang mouse hsc mmp young old,Jian Huang mouse HSC MMP young old,scRNA-seq,CBIX,d52ae1f4-9322-440d-a9b8-6239a2df4b2d
2023-12-28,../../mnt/data/research_data/2023-12-28_rnaseq_lcl_bdnf_snv,2023-12-28_rnaseq_lcl_bdnf_snv,_rnaseq_lcl_bdnf_snv,,,,CBIX,285dd72a-60e8-4bc8-b492-80ee038a55c9
2023-03-03,../../mnt/data/research_data/2023-03-03_bisamp_x15_cuh2,2023-03-03_bisamp_x15_cuh2,_bisamp_x15_cuh2,,,,CBIX,45abc83a-67ac-4722-a5a0-19e8d50e068d
2022-05-04,../../mnt/data/research_data/2022-05-04_bis_amplicon_cori_op1r2,2022-05-04_bis_amplicon_cori_op1r2,_bis_amplicon_cori_op1r2,woonbok saliva cori optin goals,Woonbok saliva CORI Optin Goals,bisamp,CBIX,c02eae7d-564b-4a22-a5a1-6b3faac353f5
2020-08-13,../../mnt/data/research_data/2020-08-13_jian_RNAseq_LC-Lumina,2020-08-13_jian_RNAseq_LC-Lumina,_jian_rnaseq_lc-lumina,jian huang mouse,Jian Huang mouse,RNA-seq,CBIX,5eed071a-c3e3-46d6-b30e-79d98595e5a2
2020-03-30,../../mnt/data/research_data/2020-03-30_italo_tempera_lab_rnaseq,2020-03-30_italo_tempera_lab_rnaseq,_italo_tempera_lab_rnaseq,italo tempera human controlkoac inhibitor sg inhibitor,Italo Tempera human controlkoac inhibitor sg inhibitor,RNA-seq,CBIX,e73b8cb2-87d0-42f6-a259-eaae5302b32d
2023-02-07,../../mnt/data/research_data/2023-02-07_bisamp_23targets_cuh,2023-02-07_bisamp_23targets_cuh,_bisamp_23targets_cuh,jj 23 targets cooper,JJ 23 targets Cooper,bisamp,CBIX,2e648247-ff40-492e-ae9c-a9608528b5a5
2023-05-23,../../mnt/data/research_data/2023-05-23_scRNA_multiome_human_brain,2023-05-23_scRNA_multiome_human_brain,_scrna_multiome_human_brain,,,,CBIX,3500c076-2194-48fb-9100-ad888713e07d
2019-10-22,../../mnt/data/research_data/2019-10-22_rrbs_mouse_aging_rrbs41-42_himani_peace_genewiz,2019-10-22_rrbs_mouse_aging_rrbs41-42_himani_peace_genewiz,_rrbs_mouse_aging_rrbs41-42_himani_peace_genewiz,himani peace mouse colon spleen liver lung br skm,Himani Peace mouse colon spleen liver lung br skm,RRBS,CBIX,058c439d-51b0-448f-b3cb-b8685b1dfd34
2024-04-09,../../mnt/data/research_data/2024-04-09_atacseq_human_yanting_shumei,2024-04-09_atacseq_human_yanting_shumei,_atacseq_human_yanting_shumei,,,,CBIX,00ad2612-85bb-4363-8b11-3b352fccf3ac
2020-06-12,../../mnt/data/research_data/2020-06-12_rrbs50-51-52_cori_human,2020-06-12_rrbs50-51-52_cori_human,_rrbs50-51-52_cori_human,jj human cori blood and saliva,JJ human CORI blood and saliva,RRBS,CBIX,aae7e84a-5f5f-4acb-8936-ab7128bd1ad8
2021-02-10,../../mnt/data/research_data/2021-02-10_16S_human_coloncancer_batch2-4_Peace_genewiz,2021-02-10_16S_human_coloncancer_batch2-4_Peace_genewiz,_16s_human_coloncancer_batch2-4_peace_genewiz,peace human colon tumors and adjacent normal tissue,Peace human colon tumors and adjacent normal tissue,16S,CBIX,010fe5fb-7de2-4bc0-8f63-0214508fe116
2019-03-28,../../mnt/data/research_data/2019-03-28_rrbs32_himani_kit-failure,2019-03-28_rrbs32_himani_kit-failure,_rrbs32_himani_kit-failure,himani mouse intestine and colon samples,Himani mouse intestine and colon samples,RRBS,CBIX,16cefcff-942a-4574-a032-bb569871e317
2020-12-03,../../mnt/data/research_data/2020-12-03_rrbs58-59_woonbok_gu114,2020-12-03_rrbs58-59_woonbok_gu114,_rrbs58-59_woonbok_gu114,woonbok gu114 trial human cd8 lymphocytes,Woonbok GU114 trial human CD8 lymphocytes,RRBS,CBIX,b780271b-c56c-4897-9c42-fc732fa1fd5c
2023-05-07,../../mnt/data/research_data/2023-05-07_zhaorui_znf251_ko_gRNA3,2023-05-07_zhaorui_znf251_ko_gRNA3,_zhaorui_znf251_ko_grna3,,,,CBIX,5dfeef3e-1992-4ca2-9eaf-bd48df03e2f7
2019-06-25,../../mnt/data/research_data/2019-06-25_gencove_CORI,2019-06-25_gencove_CORI,_gencove_cori,laura cori samples,Laura CORI samples,low pass WGS,CBIX,047a6ccd-5273-4e03-a7d6-315d78cb8e9b
2022-02-25,../../mnt/data/research_data/2022-02-25_bis_amplicon_cori_op1,2022-02-25_bis_amplicon_cori_op1,_bis_amplicon_cori_op1,woonbok saliva cori optin goals,Woonbok saliva CORI Optin Goals,bisamp,CBIX,5a139a3c-0684-48d3-a0bc-30a03efe4d18
2019-07-22,../../mnt/data/research_data/2019-07-22_sc_whelan_mouse_esophagus,2019-07-22_sc_whelan_mouse_esophagus,_sc_whelan_mouse_esophagus,kelly whelan young old mouse esophagus,Kelly Whelan young old mouse esophagus,scRNA-seq,CBIX,6004a836-8ab4-4b98-a529-03d1d1a654df
2020-05-07,../../mnt/data/research_data/2020-05-07_sc_10x_yi_zhang,2020-05-07_sc_10x_yi_zhang,_sc_10x_yi_zhang,yi zhang mouse ikoi ikos wti wts,Yi Zhang mouse IKOI IKOs WTI WTs,scRNA-seq,CBIX,b8776080-5eee-41fc-a8c3-7f1dd3d910d1
2020-03-27,../../mnt/data/research_data/2020-03-27_novogene_dream_human_peace,2020-03-27_novogene_dream_human_peace,_novogene_dream_human_peace,peace human colon tumors and adjacent normal tissue,Peace human colon tumors and adjacent normal tissue,DREAM,CBIX,fddea788-9198-4194-9fe2-c76de0fecbbf
2019-09-06,../../mnt/data/research_data/retrieved_2019-09-06_gm12878_meth,retrieved_2019-09-06_gm12878_meth,retrieved__gm12878_meth,,,,CBIX,83b77be2-8185-47cb-934a-6970c9a346f1
2023-06-27,../../mnt/data/research_data/2023-06-27_cut_run_zhaorui,2023-06-27_cut_run_zhaorui,_cut_run_zhaorui,,,,CBIX,944bef5e-e04e-46f2-85a4-d75ebc02d100
2021-12-07,../../mnt/data/research_data/2021-12-07_mouse_rrbs_peace,2021-12-07_mouse_rrbs_peace,_mouse_rrbs_peace,peace mouse gf aging,Peace mouse gf aging,RRBS,CBIX,c3ea339e-a6ad-45a1-90b7-1a10d5d67787
2023-05-18,../../mnt/data/research_data/2023-05-18_crispr3_zhaorui,2023-05-18_crispr3_zhaorui,_crispr3_zhaorui,,,,CBIX,755529e9-9f10-41de-9a9c-8e3cb575b07f
2021-11-03,../../mnt/data/research_data/2021-11-03_bis_amplicon_blood_saliva,2021-11-03_bis_amplicon_blood_saliva,_bis_amplicon_blood_saliva,woonbok cooper blood,Woonbok Cooper blood,bisamp,CBIX,4f9af198-88aa-4b42-8368-988dd74672d9
2022-05-09,../../mnt/data/research_data/2022-05-09_rnaseq_mouse_cooper_gigi,2022-05-09_rnaseq_mouse_cooper_gigi,_rnaseq_mouse_cooper_gigi,cooper mouse,Cooper mouse,RNA-seq,CBIX,230943ab-70e3-4736-914e-c3dcdbdb28d8
2020-11-19,../../mnt/data/research_data/2020-11-19_cori_brain_mrna_jj,2020-11-19_cori_brain_mrna_jj,_cori_brain_mrna_jj,jj cori human brain,JJ CORI human brain,RNA-seq,CBIX,56d3973d-b9e6-4538-a1a1-afe048144124
2023-06-10,../../mnt/data/research_data/2023-06-10_miseq_cdk5r1_crispr_diego,2023-06-10_miseq_cdk5r1_crispr_diego,_miseq_cdk5r1_crispr_diego,,,,CBIX,7f284179-3518-4e05-8b4b-102360838465
2019-09-30,../../mnt/data/research_data/2019-09-30_rrbs40_novogene_human_GU114,2019-09-30_rrbs40_novogene_human_GU114,_rrbs40_novogene_human_gu114,woonbok gu114 trial human cd8 lymphocytes,Woonbok GU114 trial human CD8 lymphocytes,RRBS,CBIX,61515bd2-faf8-4cc8-a7bf-b95d4bae559f
2023-12-30,../../mnt/data/research_data/2023-12-30_wes_human_8_outliers,2023-12-30_wes_human_8_outliers,_wes_human_8_outliers,,,,CBIX,b116d7e7-cd62-4104-bd65-ef61f524b782
2021-08-23,../../mnt/data/research_data/2021-08-23_dnmt3a,2021-08-23_dnmt3a,_dnmt3a,jj dnmt3a blood saliva,JJ DNMT3A blood saliva,ampliseq,CBIX,49d02cfc-7c33-4a62-a72b-b0398f2a2bd6
2022-09-22,../../mnt/data/research_data/2022-09-22_cpmc2_merged_bams,2022-09-22_cpmc2_merged_bams,_cpmc2_merged_bams,woonbok saliva cpmc,Woonbok saliva CPMC,bisamp,CBIX,da2a8266-0724-4297-99cf-b9d440833f83
2023-03-13,../../mnt/data/research_data/2023-03-13_bisamp_x15_cuh123_combined_summaries,2023-03-13_bisamp_x15_cuh123_combined_summaries,_bisamp_x15_cuh123_combined_summaries,,,,CBIX,637fa3f7-2a0d-49d4-b669-2edce6d5f912
2021-08-27,../../mnt/data/research_data/2021-08-27_ampliseq,2021-08-27_ampliseq,_ampliseq,jj dnmt3a tet2 asxl1 blood saliva,JJ DNMT3A TET2 ASXL1 blood saliva,ampliseq,CBIX,599cc87d-585e-4e49-bc77-d5ba6cef0a13
2023-04-19,../../mnt/data/research_data/2023-04-19_sn_atacseq_human_brain_omics,2023-04-19_sn_atacseq_human_brain_omics,_sn_atacseq_human_brain_omics,,,,CBIX,6aabea7a-dd06-4012-8afe-e8467e9aff74
2023-10-20,../../mnt/data/research_data/2023-10-20_rnaseq_human_shoghag,2023-10-20_rnaseq_human_shoghag,_rnaseq_human_shoghag,,,,CBIX,28747e88-a960-4eae-b9db-0a30bed4fa7e
2023-02-23,../../mnt/data/research_data/2023-02-23_atavistik,2023-02-23_atavistik,_atavistik,"jj atavistik bio targeted seq gm00538 dlat, pdha1, pdhb","JJ Atavistik Bio targeted seq GM00538 DLAT, PDHA1, PDHB",ampliseq,CBIX,5c81c580-204b-4b3a-a854-8aebb2e93a78
2023-03-01,../../mnt/data/research_data/2023-03-01_rnaseq_yb5_almedia,2023-03-01_rnaseq_yb5_almedia,_rnaseq_yb5_almedia,,,,CBIX,a9bcb583-d9c2-40ea-b39c-7dd726883b11
2021-03-29,../../mnt/data/research_data/2021-03-29_rrbs61-65_peace_hg_himani_mm,2021-03-29_rrbs61-65_peace_hg_himani_mm,_rrbs61-65_peace_hg_himani_mm,himani peace aging mice intestine colon himani | peace gf mice,Himani Peace aging mice intestine colon Himani | Peace gf mice,RRBS,CBIX,47ad283e-3350-41e0-afb2-720fe4b83332
2021-07-03,../../mnt/data/research_data/2021-07-03_bis_amplicon_blood_aging,2021-07-03_bis_amplicon_blood_aging,_bis_amplicon_blood_aging,woonbok ninds,Woonbok NINDS,bisamp,CBIX,6ea58f2c-9199-4a1d-8ff5-42e862298716
2023-05-05,../../mnt/data/research_data/2023-05-05_bisamp_x15_cuh_remaining,2023-05-05_bisamp_x15_cuh_remaining,_bisamp_x15_cuh_remaining,,,,CBIX,91561469-ce28-46f9-8a76-c5a1b7bf569b
2022-12-13,../../mnt/data/research_data/2022-12-13_rnaseq_human_Jian,2022-12-13_rnaseq_human_Jian,_rnaseq_human_jian,jian huang human wt spry3 ko gilterinib,Jian Huang human WT SPRY3 KO gilterinib,RNA-seq,CBIX,a7f87274-01b1-49cb-a4b6-92dc347c8ca8
2023-04-14,../../mnt/data/research_data/2023-04-14_bisamp_x15_colon2,2023-04-14_bisamp_x15_colon2,_bisamp_x15_colon2,,,,CBIX,0a494aab-4b27-4888-b73a-e4589f486bb9
2022-10-03,../../mnt/data/research_data/2022-10-03_sc_atac_seq_human_brain_miseq_nano,2022-10-03_sc_atac_seq_human_brain_miseq_nano,_sc_atac_seq_human_brain_miseq_nano,jj human brain,JJ human brain,scATAC-seq,CBIX,dfcdac26-b3b7-423e-a59c-d18fcf6dbe38
2022-05-06,../../mnt/data/research_data/2022-05-06_arsa_mplex2,2022-05-06_arsa_mplex2,_arsa_mplex2,jj arsa gain therapeutics,JJ ARSA Gain Therapeutics,ampliseq,CBIX,c2bc5cf9-780f-42aa-b707-7dd41a39daa4
2019-08-29,../../mnt/data/research_data/2019-08-29_rrbs38_himani_organoid_aging,2019-08-29_rrbs38_himani_organoid_aging,_rrbs38_himani_organoid_aging,himani mouse intestine and colon organoids young old,Himani mouse intestine and colon organoids young old,RRBS,CBIX,7830a853-e465-4019-8073-e269f7f29a84
2022-06-21,../../mnt/data/research_data/2022-06-21_stranded_30_human_lncRNAseq_Sierra,2022-06-21_stranded_30_human_lncRNAseq_Sierra,_stranded_30_human_lncrnaseq_sierra,"sierra human lncrna stranded thz1,dac, dmso","Sierra human lncRNA stranded THZ1,DAC, DMSO",RNA-seq,CBIX,20b9f5dd-97b0-40f3-98d7-ec6ca171f1ab
2022-06-10,../../mnt/data/research_data/2022-06-10_rrbs_mouse_aging_himani_i7index,2022-06-10_rrbs_mouse_aging_himani_i7index,_rrbs_mouse_aging_himani_i7index,himani mouse aging,Himani mouse aging,RRBS,CBIX,8374d63d-728d-4ff6-8682-4f932b4ca2e3
2023-02-24,../../mnt/data/research_data/2023-02-24_yb5_atac-seq,2023-02-24_yb5_atac-seq,_yb5_atac-seq,woonbok yb5 dmso bsj4,Woonbok YB5 dmso bsj4,ATAC-seq,CBIX,adaf380a-2d17-43f2-98fd-4a16fc3b7f26
2023-06-26,../../mnt/data/research_data/2023-06-26_bisamp_x15_crc,2023-06-26_bisamp_x15_crc,_bisamp_x15_crc,,,,CBIX,38959d82-97b3-486f-a840-bf3cb35824ac
2023-04-21,../../mnt/data/research_data/2023-04-21_bisamp_x15_parkinson,2023-04-21_bisamp_x15_parkinson,_bisamp_x15_parkinson,,,,CBIX,2f44613f-8711-403b-8949-a9e6ad4973c9
2021-12-02,../../mnt/data/research_data/2021-12-02_bis_amplicon_cooper2_96_r1,2021-12-02_bis_amplicon_cooper2_96_r1,_bis_amplicon_cooper2_96_r1,woonbok cooper blood,Woonbok Cooper blood,bisamp,CBIX,8f885ae5-3fd1-4ba5-bc88-8bef4e3b84a7
2019-08-29,../../mnt/data/research_data/2019-08-29_dream132_peace_human_crc,2019-08-29_dream132_peace_human_crc,_dream132_peace_human_crc,peace human colon tumors and adjacent normal tissue,Peace human colon tumors and adjacent normal tissue,DREAM,CBIX,301ac78c-854a-444a-959d-eda1582b8e7b
2022-06-02,../../mnt/data/research_data/2022-06-02_bis_amplicons_op3,2022-06-02_bis_amplicons_op3,_bis_amplicons_op3,woonbok saliva cori optin goals,Woonbok saliva CORI Optin Goals,bisamp,CBIX,46a5b91d-806f-4f32-8178-04138b5fda40
2023-04-08,../../mnt/data/research_data/2023-04-08_bisamp_colon_mplex13,2023-04-08_bisamp_colon_mplex13,_bisamp_colon_mplex13,,,,CBIX,018f71e1-7bc3-4486-95a7-d76b96cb7cfd
2023-01-25,../../mnt/data/research_data/2023-01-25_bisamp_rrbs_targets_cuh,2023-01-25_bisamp_rrbs_targets_cuh,_bisamp_rrbs_targets_cuh,jj rrbs targets cooper,JJ RRBS targets Cooper,bisamp,CBIX,20031245-4119-4d5c-ae7a-e89e8f199d67
2024-01-04,../../mnt/data/research_data/2024-01-04_cuh_chip_targeted_novogene,2024-01-04_cuh_chip_targeted_novogene,_cuh_chip_targeted_novogene,,,,CBIX,69f6a28a-b5ac-4054-856c-a58225e9f501
2022-10-21,../../mnt/data/research_data/2022-10-21_bisamp_bloodsep_24samples_13mplex_micro,2022-10-21_bisamp_bloodsep_24samples_13mplex_micro,_bisamp_bloodsep_24samples_13mplex_micro,woonbok blood separated subpopulations,Woonbok blood separated subpopulations,bisamp,CBIX,206b649e-6a3a-4074-b5e7-9ad7049d7c99
2019-07-01,../../mnt/data/research_data/2019-07-01_rrbs34B_himani_mouse_intestine_aging,2019-07-01_rrbs34B_himani_mouse_intestine_aging,_rrbs34b_himani_mouse_intestine_aging,himani mouse intestine and colon samples,Himani mouse intestine and colon samples,RRBS,CBIX,ec59c388-5457-477b-9b3d-7f1652890caa
2020-10-12,../../mnt/data/research_data/2020-10-12_rrbs57_cori,2020-10-12_rrbs57_cori,_rrbs57_cori,"jj human blood saliva cori, control","JJ human blood saliva CORI, control",RRBS,CBIX,7dd1778f-f7e2-4521-abcf-2c5e0b67b142
2020-02-20,../../mnt/data/research_data/2020-02-20_rnaseq_mouse_hyeseon_novogene,2020-02-20_rnaseq_mouse_hyeseon_novogene,_rnaseq_mouse_hyeseon_novogene,hyeseon mouse aging heart kidney ,HyeSeon mouse aging heart kidney ,RNA-seq,CBIX,044d588d-af33-4662-a502-43c1858ffce0
2022-06-30,../../mnt/data/research_data/2022-06-30_cpmc1_bisamp,2022-06-30_cpmc1_bisamp,_cpmc1_bisamp,woonbok saliva cpmc,Woonbok saliva CPMC,bisamp,CBIX,611243b6-cac6-42e7-a3bc-3deca0db086d
2022-11-18,../../mnt/data/research_data/2022-11-18_bisamp_bloodsep_3plex_micro,2022-11-18_bisamp_bloodsep_3plex_micro,_bisamp_bloodsep_3plex_micro,woonbok blood separated subpopulations,Woonbok blood separated subpopulations,bisamp,CBIX,fe2e7a51-3a08-4019-a99d-0271c75fc5be
2022-05-10,../../mnt/data/research_data/2022-05-10_rrbs_b6_gf_mouse_colon_peace_miseq_nano,2022-05-10_rrbs_b6_gf_mouse_colon_peace_miseq_nano,_rrbs_b6_gf_mouse_colon_peace_miseq_nano,peace b6 gf mouse colon,Peace B6 gf mouse colon,RRBS,CBIX,e9cea4bd-5130-4f8f-8aaa-d932af17d6ae
2023-02-28,../../mnt/data/research_data/2023-02-28_sc_atac_yb5_almedia,2023-02-28_sc_atac_yb5_almedia,_sc_atac_yb5_almedia,,,,CBIX,5ce5f532-d8a4-426c-9a5f-af150201d671
2022-06-10,../../mnt/data/research_data/2022-06-10_rrbs_mouse_organoids_himani_i5i7index,2022-06-10_rrbs_mouse_organoids_himani_i5i7index,_rrbs_mouse_organoids_himani_i5i7index,himani mouse aging organoids,Himani mouse aging organoids,RRBS,CBIX,3b3a5f77-2fff-4247-b5dc-2722ea83e6ee
2022-08-10,../../mnt/data/research_data/2022-08-10_rrbs_go58_human_goals_optin_bela,2022-08-10_rrbs_go58_human_goals_optin_bela,_rrbs_go58_human_goals_optin_bela,jj cori goals optin saliva,JJ CORI GOALS OPTIN saliva,RRBS,CBIX,4328906c-ea95-4cf9-a343-54146e201866
2024-03-20,../../mnt/data/research_data/2024-03-20_chip_novogene,2024-03-20_chip_novogene,_chip_novogene,,,,CBIX,27621591-046d-4ad9-8ef7-d59cd1ed8eb2
2023-05-21,../../mnt/data/research_data/2023-05-21_scRNA_human_almedia,2023-05-21_scRNA_human_almedia,_scrna_human_almedia,,,,CBIX,730d7c33-8f2f-47e5-9139-897b40ee3ac0
2022-05-04,../../mnt/data/research_data/2022-05-04_RNAseq_Zhaorui_12-human-EukmRNAseq,2022-05-04_RNAseq_Zhaorui_12-human-EukmRNAseq,_rnaseq_zhaorui_12-human-eukmrnaseq,jian huang human,Jian Huang human,RNA-seq,CBIX,836505d5-cf06-49e5-bee7-773ad6be4ac7
2023-05-30,../../mnt/data/research_data/2023-05-30_novogene_rnaseq,2023-05-30_novogene_rnaseq,_novogene_rnaseq,,,,CBIX,3a38d594-1701-47e4-894c-510429052bd7
2023-11-09,../../mnt/data/research_data/2023-11-09_diego_crispr_clones,2023-11-09_diego_crispr_clones,_diego_crispr_clones,,,,CBIX,36ef4a46-63a7-4c86-91ad-44605eb05db1
2023-05-20,../../mnt/data/research_data/2023-05-20_scRNA_mouse_himani,2023-05-20_scRNA_mouse_himani,_scrna_mouse_himani,,,,CBIX,f9318ddf-3b1d-44ef-8e3b-de6457d091c7
2023-05-31,../../mnt/data/research_data/2023-05-31_cooper_rnaseq_bon1_zach,2023-05-31_cooper_rnaseq_bon1_zach,_cooper_rnaseq_bon1_zach,,,,CBIX,d5a4282a-81f3-4a64-bdd0-98fa2b946b52
2023-02-25,../../mnt/data/research_data/2023-02-25_bisamp_x15_cuh,2023-02-25_bisamp_x15_cuh,_bisamp_x15_cuh,jj mpb 15 targets,JJ MPB 15 targets,bisamp,CBIX,e4bf5cc1-b9d5-4a40-8481-d7183a66de6e
2021-08-11,../../mnt/data/research_data/2021-08-11_dnmt3a_mplex_blood_saliva,2021-08-11_dnmt3a_mplex_blood_saliva,_dnmt3a_mplex_blood_saliva,jj dnmt3a blood saliva,JJ DNMT3A blood saliva,ampliseq,CBIX,268eda04-2e01-4e70-b8f0-7a9cd4326677
2021-07-29,../../mnt/data/research_data/2021-07-29_bis_amplicon_cml30leuk66,2021-07-29_bis_amplicon_cml30leuk66,_bis_amplicon_cml30leuk66,woonbok 'cml aml blood,Woonbok 'CML AML blood,bisamp,CBIX,44d31f5c-58b5-405d-b185-9668f29459bb
2023-03-03,../../mnt/data/research_data/2023-03-03_bisamp_x15_cuh2_corrected_barcodes,2023-03-03_bisamp_x15_cuh2_corrected_barcodes,_bisamp_x15_cuh2_corrected_barcodes,,,,CBIX,54886f6d-f32d-48b3-8cad-094f047cfd54
2020-06-12,../../mnt/data/research_data/2020-06-12_woonbok_atac-seq_gu114,2020-06-12_woonbok_atac-seq_gu114,_woonbok_atac-seq_gu114,woonbok gu114 trial human cd8 lymphocytes,Woonbok GU114 trial human CD8 lymphocytes,ATAC-seq,CBIX,746faa5f-711d-405d-8eb8-b5e026ea114a
2023-05-09,../../mnt/data/research_data/2023-05-09_sc_atac-seq_novogene,2023-05-09_sc_atac-seq_novogene,_sc_atac-seq_novogene,,,,CBIX,a542276b-3a58-49f2-858d-7fb0e1c9a7cc
2023-05-25,../../mnt/data/research_data/2023-05-25_crispr_clones_diego,2023-05-25_crispr_clones_diego,_crispr_clones_diego,,,,CBIX,9014fd49-9268-4629-94c7-10934fe0ad52
Null,../../mnt/data/research_data/230419_M04817_0070_000000000-GGRFK,230419_M04817_0070_000000000-GGRFK,230419_m04817_0070_000000000-ggrfk,,,,CBIX,b13555e5-9eb3-461e-9678-ed7505302e03
2023-05-15,../../mnt/data/research_data/2023-05-15_crispr_shoghag_yod1_c10orf125,2023-05-15_crispr_shoghag_yod1_c10orf125,_crispr_shoghag_yod1_c10orf125,,,,CBIX,0313e045-df52-40aa-aef6-cf7dfcb267d0
2020-07-28,../../mnt/data/research_data/2020-07-28_16S_human_coloncancer_firstbatch_peace_genewiz,2020-07-28_16S_human_coloncancer_firstbatch_peace_genewiz,_16s_human_coloncancer_firstbatch_peace_genewiz,peace human colon tumors and adjacent normal tissue,Peace human colon tumors and adjacent normal tissue,16S,CBIX,408c8859-783b-4158-aea1-7323105174d7
2020-08-21,../../mnt/data/research_data/2020-08-21_rrbs53-56_human_cori,2020-08-21_rrbs53-56_human_cori,_rrbs53-56_human_cori,jj human saliva cori cpmc,JJ human saliva CORI CPMC,RRBS,CBIX,9648675d-1712-436f-b12a-1d27f5aaf946
2022-12-03,../../mnt/data/research_data/2022-12-03_scRNAseq_mouse_jian_miseq_micro,2022-12-03_scRNAseq_mouse_jian_miseq_micro,_scrnaseq_mouse_jian_miseq_micro,jian huang mouse,Jian Huang mouse,scRNA-seq,CBIX,5ce9ab8a-4578-4882-8d15-5ecfda5a751b
2021-09-10,../../mnt/data/research_data/2021-09-10_scrnaseq_mv411,2021-09-10_scrnaseq_mv411,_scrnaseq_mv411,jj human mv411 ,JJ human MV411 ,scRNA-seq,CBIX,02aed2e0-8a7b-4561-9fda-06fb0c25ef12
2020-01-24,../../mnt/data/research_data/2020-01-24-sc_whelan_mouse_esophagus_k3,2020-01-24-sc_whelan_mouse_esophagus_k3,-sc_whelan_mouse_esophagus_k3,kelly whelan young old mouse esophagus,Kelly Whelan young old mouse esophagus,scRNA-seq,CBIX,9725004a-4b57-4a20-98ed-48d4761f948b
2023-12-01,../../mnt/data/research_data/2023-12-01_chip_targeted_cuh,2023-12-01_chip_targeted_cuh,_chip_targeted_cuh,,,,CBIX,9b2b151e-2437-44db-b2f6-3580b4d8b65f
Null,../../mnt/data/research_data/dream133,dream133,dream133,,,,CBIX,0f1f8792-e6bf-47ea-abf4-e87dad808daf
2023-04-18,../../mnt/data/research_data/2023-04-18_sn_rnaseq_human_brain_omics,2023-04-18_sn_rnaseq_human_brain_omics,_sn_rnaseq_human_brain_omics,,,,CBIX,ae30de43-a947-4b19-9945-3587739fcea1
2022-08-12,../../mnt/data/research_data/2022-08-12_bisamp_cpmc2_micro_rerun,2022-08-12_bisamp_cpmc2_micro_rerun,_bisamp_cpmc2_micro_rerun,woonbok saliva cpmc,Woonbok saliva CPMC,bisamp,CBIX,65e2b0c4-e7e5-43b5-9a01-73dbed5cedb1
2020-06-23,../../mnt/data/research_data/2020-06-23_rnaseq_human_ipsc_brainoids_jj,2020-06-23_rnaseq_human_ipsc_brainoids_jj,_rnaseq_human_ipsc_brainoids_jj,jj human ipsc brainoids,JJ human IPSC brainoids,RNA-seq,CBIX,07010820-e31d-47e7-8dec-576ff9172fb8
2022-07-13,../../mnt/data/research_data/2022-07-13_cpmc2_bisamp,2022-07-13_cpmc2_bisamp,_cpmc2_bisamp,woonbok saliva cpmc,Woonbok saliva CPMC,bisamp,CBIX,ee3f0fcb-ba71-4fed-ad47-2ad65897c1ec
2020-12-02,../../mnt/data/research_data/2020-12-02_brainoids_24_rnaseq,2020-12-02_brainoids_24_rnaseq,_brainoids_24_rnaseq,jj human ipsc brainoids,JJ human IPSC brainoids,RNA-seq,CBIX,b0a9e125-487c-4cef-9d69-5e811cb60592
2020-08-14,../../mnt/data/research_data/2020-08-14_hyeseon_rrbs_mouse_heart_spleen_yo,2020-08-14_hyeseon_rrbs_mouse_heart_spleen_yo,_hyeseon_rrbs_mouse_heart_spleen_yo,"hyeseon mouse heart, spleen, young, old","HyeSeon mouse heart, spleen, young, old",RRBS,CBIX,7be5020b-18d8-41bf-b25f-f855173e1823
2019-09-11,../../mnt/data/research_data/2019-09-11_dream132_133_peace,2019-09-11_dream132_133_peace,_dream132_133_peace,peace human colon tumors and adjacent normal tissue,Peace human colon tumors and adjacent normal tissue,DREAM,CBIX,eef1cb19-09ac-4305-bd96-ed32b661edba
2022-02-24,../../mnt/data/research_data/2022-02-24_bis_amplicon_cori_op1,2022-02-24_bis_amplicon_cori_op1,_bis_amplicon_cori_op1,woonbok saliva cori optin goals,Woonbok saliva CORI Optin Goals,bisamp,CBIX,542e1046-5d46-4c71-a8d1-7e3fda04c022
2019-12-19,../../mnt/data/research_data/2019-12-19_novogene_rrbs46_aging,2019-12-19_novogene_rrbs46_aging,_novogene_rrbs46_aging,woonbok ninds human blood aging controls,Woonbok NINDS human blood aging controls,RRBS,CBIX,cc038401-f236-4cbe-ab69-33d0c0a5f832
2021-12-03,../../mnt/data/research_data/2021-12-03_bis_amplicon_cooper2_96_r2,2021-12-03_bis_amplicon_cooper2_96_r2,_bis_amplicon_cooper2_96_r2,woonbok cooper blood,Woonbok Cooper blood,bisamp,CBIX,842e0bf2-ee28-4e8d-9d59-7f3c6f489f89
2022-10-12,../../mnt/data/research_data/2022-10-12_bisamp_bloodsep_micro,2022-10-12_bisamp_bloodsep_micro,_bisamp_bloodsep_micro,woonbok blood separated subpopulations,Woonbok blood separated subpopulations,bisamp,CBIX,4cdf9018-13c9-4ad1-8948-fc2bccdf4094
2021-04-16,../../mnt/data/research_data/2021-04-16_rrbs70-71_italo_human,2021-04-16_rrbs70-71_italo_human,_rrbs70-71_italo_human,italo tempera human snu yccel 5aza ebna olaparib protac dmso,Italo Tempera human SNU YCCEL 5aza EBNA olaparib protac DMSO,RRBS,CBIX,847a3158-9fa1-43cd-b996-2693fd32292f
2022-06-01,../../mnt/data/research_data/2022-06-01-rrbs_mouse_aging_microbiome_peace,2022-06-01-rrbs_mouse_aging_microbiome_peace,-rrbs_mouse_aging_microbiome_peace,peace mouse aging microbiome,Peace mouse aging microbiome,RRBS,CBIX,0947df94-1ccd-4dc8-8b8f-466652943d5b
2022-04-30,../../mnt/data/research_data/2022-04-30_arsa_mplex1,2022-04-30_arsa_mplex1,_arsa_mplex1,jj arsa gain therapeutics,JJ ARSA Gain Therapeutics,ampliseq,CBIX,ac3820d0-6b52-4647-9e01-8d8051cebd7c
2023-03-30,../../mnt/data/research_data/2023-03-30_bisamp_x15_colon_direct,2023-03-30_bisamp_x15_colon_direct,_bisamp_x15_colon_direct,,,,CBIX,0cb1b460-bef7-462b-bfa4-02c2dca54805
2020-05-26,../../mnt/data/research_data/2020-05-26_rnaseq_gu114_woonbok,2020-05-26_rnaseq_gu114_woonbok,_rnaseq_gu114_woonbok,woonbok gu114 trial human cd8 lymphocytes,Woonbok GU114 trial human CD8 lymphocytes,RNA-seq,CBIX,2023f023-d4b0-459b-9443-801d387fb82e
2023-03-16,../../mnt/data/research_data/2023-03-16_bisamp_ninds,2023-03-16_bisamp_ninds,_bisamp_ninds,,,,CBIX,caee8054-faf1-49a0-acc9-8ee61f4abc08
2022-07-29,../../mnt/data/research_data/2022-07-29_cuh_repeat_bisamp_micro,2022-07-29_cuh_repeat_bisamp_micro,_cuh_repeat_bisamp_micro,woonbok cooper blood,Woonbok Cooper blood,bisamp,CBIX,b3743164-7c80-4217-8d10-21dc80c2594d
2024-01-03,../../mnt/data/research_data/2024-01-03_rrbs_himani_mouse,2024-01-03_rrbs_himani_mouse,_rrbs_himani_mouse,,,,CBIX,14930d65-6b1a-498a-be3c-0c4260656be9
2021-05-19,../../mnt/data/research_data/2021-05-19_miseq_nano,2021-05-19_miseq_nano,_miseq_nano,woonbok ninds cord blood,Woonbok NINDS cord blood,bisamp,CBIX,47f5fb02-50c8-47c5-aa6d-cfc902d13157
2022-05-07,../../mnt/data/research_data/2022-05-07_arsa_merge_mplex12,2022-05-07_arsa_merge_mplex12,_arsa_merge_mplex12,jj arsa gain therapeutics,JJ ARSA Gain Therapeutics,ampliseq,CBIX,383ebac4-05c3-4ddf-bb5f-ead080782206
2022-05-09,../../mnt/data/research_data/2022-05-09_rrbs_apcmin_mouse_colon_peace_miseq_nano,2022-05-09_rrbs_apcmin_mouse_colon_peace_miseq_nano,_rrbs_apcmin_mouse_colon_peace_miseq_nano,peace apcmin mouse colon,Peace APCmin mouse colon,RRBS,CBIX,949c7032-533e-4faa-a948-3ffb45b6cee3
2020-02-21,../../mnt/data/research_data/2020-02-21_italo_tempera_lab_RNAseq,2020-02-21_italo_tempera_lab_RNAseq,_italo_tempera_lab_rnaseq,italo tempera gm12878 ct sg lcl ct gsk olaparib,Italo Tempera GM12878 ct sg LCL ct gsk olaparib,RNA-seq,CBIX,79e4f7e6-d0be-4cfe-9d03-f25f633b9e26
2023-10-06,../../mnt/data/research_data/2023-10-06_bisamp_x15_cuh_blood_sep,2023-10-06_bisamp_x15_cuh_blood_sep,_bisamp_x15_cuh_blood_sep,,,,CBIX,9262a743-0868-4f17-a07a-b026117be924
2023-04-07,../../mnt/data/research_data/2023-04-07_umut_targeted_seq,2023-04-07_umut_targeted_seq,_umut_targeted_seq,,,,CBIX,55e1b771-8e7e-4720-b15c-eb08c28bcee2
2019-12-16,../../mnt/data/research_data/2019-12-16_rnaseq_himani_aging_mouse_rnaseq_bgi,2019-12-16_rnaseq_himani_aging_mouse_rnaseq_bgi,_rnaseq_himani_aging_mouse_rnaseq_bgi,himani mouse intestine colon aging samples,Himani mouse intestine colon aging samples,RRBS,CBIX,bfa1e1d3-2c29-4f11-82ac-106b66af0fdd
2024-03-12,../../mnt/data/research_data/2024-03-12_rnaseq_human_LCL_BDNF_CORI,2024-03-12_rnaseq_human_LCL_BDNF_CORI,_rnaseq_human_lcl_bdnf_cori,,,,CBIX,340364d6-ebe2-418f-94fa-1c330720cd80
2022-07-27,../../mnt/data/research_data/2022-07-27_cpmc2_bisamp_nano_rerun,2022-07-27_cpmc2_bisamp_nano_rerun,_cpmc2_bisamp_nano_rerun,woonbok saliva cpmc,Woonbok saliva CPMC,bisamp,CBIX,e7860f2d-26a7-4b91-8bb3-c36b3d382052
2023-05-30,../../mnt/data/research_data/2023-05-30_rnaseq_yb5_azd_time_course,2023-05-30_rnaseq_yb5_azd_time_course,_rnaseq_yb5_azd_time_course,,,,CBIX,32c9e758-5882-4dca-94f4-338bb57c3c46
2023-02-23,../../mnt/data/research_data/2023-02-23_crispr_zhaorui_atavistik,2023-02-23_crispr_zhaorui_atavistik,_crispr_zhaorui_atavistik,zhaorui crispr almedia mc180,Zhaorui CRISPR Almedia MC180,CRISPR,CBIX,6bba2eca-2eb1-4c61-a107-1058b6c1dfd8
2020-11-17,../../mnt/data/research_data/2020-11-17_bis_amplicons_woonbok,2020-11-17_bis_amplicons_woonbok,_bis_amplicons_woonbok,woonbok ninds bisulfite amplicon pcr,Woonbok NINDS bisulfite amplicon PCR,bisamp,CBIX,02d822f7-2037-4a04-b4dd-db5c4c284153
2021-11-16,../../mnt/data/research_data/2021-11-16_bis_amplicon_cooper2_96,2021-11-16_bis_amplicon_cooper2_96,_bis_amplicon_cooper2_96,woonbok cooper blood,Woonbok Cooper blood,bisamp,CBIX,ca589be0-919a-4936-8b6c-91a9b2807d3a
2022-02-09,../../mnt/data/research_data/2022-02-09_bis_amplicon_cooper3_96,2022-02-09_bis_amplicon_cooper3_96,_bis_amplicon_cooper3_96,woonbok cooper blood,Woonbok Cooper blood,bisamp,CBIX,494af9a6-4b17-4d38-a647-a9d4fdd027bd
2022-05-19,../../mnt/data/research_data/2022-05-19_ying_wang_rnaseq,2022-05-19_ying_wang_rnaseq,_ying_wang_rnaseq,yi zhang mouse wt id3 ko,Yi Zhang mouse WT ID3 KO,RNA-seq,CBIX,5548b8cf-cb98-4df5-9de0-0c327a1c0eac
2019-10-03,../../mnt/data/research_data/2019-10-03_sc_whelan_mouse_esophagus,2019-10-03_sc_whelan_mouse_esophagus,_sc_whelan_mouse_esophagus,kelly whelan mouse esophagus,Kelly Whelan mouse esophagus,scRNA-seq,CBIX,efc63dc9-f994-4cb8-a266-89ded6050f1a
2019-07-17,../../mnt/data/research_data/2019-07-17_sc_engel_mouse_esc,2019-07-17_sc_engel_mouse_esc,_sc_engel_mouse_esc,nora engel mouse esc male female,Nora Engel mouse ESC male female,scRNA-seq,CBIX,bc3c31d2-5174-4f38-bb0e-f982273437c9
2022-11-01,../../mnt/data/research_data/2022-11-01_bisamp_bloodsep_3plex_micro,2022-11-01_bisamp_bloodsep_3plex_micro,_bisamp_bloodsep_3plex_micro,woonbok blood separated subpopulations,Woonbok blood separated subpopulations,bisamp,CBIX,108619a1-4c34-4b8d-b525-bb9e2200298a
2019-06-03,../../mnt/data/research_data/2019-06-03_rrbs34_himani,2019-06-03_rrbs34_himani,_rrbs34_himani,himani mouse colon samples,Himani mouse colon samples,RRBS,CBIX,70d49e81-2e91-4a48-8eda-1e59a5fe0627
2023-03-11,../../mnt/data/research_data/2023-03-11_bisamp_x15_cuh3,2023-03-11_bisamp_x15_cuh3,_bisamp_x15_cuh3,,,,CBIX,96dc1097-09f8-4011-b1bb-13bcb9bcf329
2021-06-30,../../mnt/data/research_data/2021-06-30_bis_amplicon_blood_aging,2021-06-30_bis_amplicon_blood_aging,_bis_amplicon_blood_aging,woonbok ninds elov13 96 samples,Woonbok NINDS ELOV13 96 samples,bisamp,CBIX,3f02fea8-89c6-4aa6-8895-b4bddd7ac51f
2023-10-03,../../mnt/data/research_data/2023-10-03_sc_atac_miseq_himani,2023-10-03_sc_atac_miseq_himani,_sc_atac_miseq_himani,,,,CBIX,21ee5d24-bd14-413e-ac73-a61b2b53b726
2022-03-17,../../mnt/data/research_data/2022-03-17_bis_amplicon_cori_op1r1,2022-03-17_bis_amplicon_cori_op1r1,_bis_amplicon_cori_op1r1,woonbok saliva cori optin goals,Woonbok saliva CORI Optin Goals,bisamp,CBIX,ee089357-74fe-4b83-8567-1327f45d5fe3
2023-06-12,../../mnt/data/research_data/2023-06-12_chip_cuh,2023-06-12_chip_cuh,_chip_cuh,,,,CBIX,5b34ae50-8860-4765-b2b6-bae975bed8b4
2023-05-18,../../mnt/data/research_data/2023-05-18_novogene_novaseq_lane_undetermined,2023-05-18_novogene_novaseq_lane_undetermined,_novogene_novaseq_lane_undetermined,,,,CBIX,25274bf5-8fa8-4aef-9a68-813e909ee0d4
2021-07-30,../../mnt/data/research_data/2021-07-30_bis_amplicon_saliva96,2021-07-30_bis_amplicon_saliva96,_bis_amplicon_saliva96,woonbok cpmc saliva,Woonbok CPMC saliva,bisamp,CBIX,774b915c-0a6b-4036-b6e3-c6fc1942b110
2020-01-16,../../mnt/data/research_data/2020-01-16_sc_whelan_mouse_esophagus_k4,2020-01-16_sc_whelan_mouse_esophagus_k4,_sc_whelan_mouse_esophagus_k4,kelly whelan young old mouse esophagus,Kelly Whelan young old mouse esophagus,scRNA-seq,CBIX,e0efa408-6d0a-4c90-ae39-d0f473b5c990
2022-10-18,../../mnt/data/research_data/2022-10-18_rnaseq_human_ht29_olivia_cooper,2022-10-18_rnaseq_human_ht29_olivia_cooper,_rnaseq_human_ht29_olivia_cooper,cooper human,Cooper human,RNA-seq,CBIX,b57ed173-f34c-48a0-be3a-17f135e61ee2
2022-06-22,../../mnt/data/research_data/2022-06-22_rrbs_human_goals_optin_bela,2022-06-22_rrbs_human_goals_optin_bela,_rrbs_human_goals_optin_bela,jj cori goals optin saliva,JJ CORI GOALS OPTIN saliva,RRBS,CBIX,f46d00f5-1329-44f4-aa3f-a196826d01da
2019-06-18,../../mnt/data/research_data/2019-06-18_rrbs35_human_blood_aging,2019-06-18_rrbs35_human_blood_aging,_rrbs35_human_blood_aging,woonbok ninds aging blood controls,Woonbok NINDS aging blood controls,RRBS,CBIX,56845593-e0ec-41ea-9c66-359e6240222d
2019-05-30,../../mnt/data/research_data/2019-05-30_rrbs33_kits,2019-05-30_rrbs33_kits,_rrbs33_kits,jj mouse kidney and liver comparing qiagen and zymo bisulfite kits,JJ mouse kidney and liver comparing qiagen and zymo bisulfite kits,RRBS,CBIX,2a7ada53-392d-4676-a611-04cb07482eb1
2023-05-22,../../mnt/data/research_data/2023-05-22_rrbs_human_brainoids,2023-05-22_rrbs_human_brainoids,_rrbs_human_brainoids,,,,CBIX,019a2c4d-4082-4f12-9abb-e3c1be8ba5a2
2021-03-05,../../mnt/data/research_data/2021-03-05_crispr_screen_Jian_Huang_lab,2021-03-05_crispr_screen_Jian_Huang_lab,_crispr_screen_jian_huang_lab,jian huang 4 samples,Jian Huang 4 samples,CRISPR,CBIX,d84b2f0e-c62d-41b9-a0c8-4261619be74c
2023-03-22,../../mnt/data/research_data/2023-03-22_bisamp_x15_ninds2,2023-03-22_bisamp_x15_ninds2,_bisamp_x15_ninds2,,,,CBIX,4039948a-31f9-4750-9587-34f2d62d7a92
2021-10-14,../../mnt/data/research_data/2021-10-14_rrbs_peace_mouse,2021-10-14_rrbs_peace_mouse,_rrbs_peace_mouse,peace mouse gf aging,Peace mouse gf aging,RRBS,CBIX,b4cacf9f-a026-4ddf-ac49-0ef2c28eaf41
