gene_id_hgnc,gene_id_ncbi,gene_name,organism_name,taxonomy_id_ncbi,gene_symbol,gene_uuid
713,410,Arylsulfatase A (ARSA),Human,9606,ARSA,22f690b9-325a-4b76-8d98-d79dd70d41ec
11271,10251,Sprouty RTK Signaling Antagonist 3 (SPRY3),Human,9606,SPRY3,ca9d5159-632a-459e-b711-916f9470cd65
15533,81848,Sprouty RTK Signaling Antagonist 4 (SPRY4),Human,9606,SPRY4,cd572636-2653-46c3-b652-9818a37f9024
43904,100419743,D4Z4 Binding Element Transcript (DBET),Human,9606,DBET,ea6c6c9d-8402-427b-a68f-d5ed641b9ace
18318,171023,ASXL Transcriptional Regulator 1 (ASXL1),Human,9606,ASXL1,e2744cb1-0f4a-4c1c-b047-f74bacb564d6
13045,90987,Zinc Finger Protein 251 (ZNF251),Human,9606,ZNF251,e197a653-676d-4f41-8a4f-de063dd277a5
25941,54790,Tet Methylcytosine Dioxygenase 2 (TET2),Human,9606,TET2,5870b31d-257f-4a41-ae01-40b3608da290
2978,1788,DNA Methyltransferase 3 Alpha (DNMT3A),Human,9606,DNMT3A,8b9e121f-2690-4a6b-80de-e5c86b0c6116
2896,1737,Dihydrolipoamide S-acetyltransferase (DLAT),Human,9606,DLAT,2ac23c5c-f238-4d94-9456-8a10872bfc50
18047,83401,ELOVL Fatty Acid Elongase 3 (ELOVL3),Human,9606,ELOVL3,6841191b-7b03-4b92-9385-5276d720d18e
11998,7157,Tumor Protein (P53),Human,9606,P53,f1d65de1-03e7-461c-9d72-1b5185b3d611
25035,55432,YOD1 Deubiquitinase (YOD1),Human,9606,YOD1,3f7e4cec-2ed2-4da5-89f6-8a61896fe4dc
8806,5160,Pyruvate Dehydrogenase E1 Subunit Alpha 1 (PDHA1),Human,9606,PDHA1,1e3b55dd-428b-49b1-8814-a12b87ed4b93
8808,5162,Pyruvate Dehydrogenase E1 Subunit Beta (PDHB),Human,9606,PDHB,3522e7dd-061a-4bc9-b381-e0041675124b
1775,8851,Cyclin-Dependent Kinase 5 Regulatory Subunit 1 (CDK5R1),Human,9606,CDK5R1,0ee0fd10-0da8-4985-b19f-5f881a4b6f95
1780,1025,Cyclin-Dependent Kinase 9 (CDK9),Human,9606,CDK9,13dd5f46-798c-4848-ab62-6ed60205329b
5362,3399,Inhibitor Of DNA Binding 3 (ID3),Mouse,1758,ID3,8f75b529-1b5a-44f2-9794-3a5f32638398
,,Histone 3 (K9me3) Bivalent Methylation Factor,,,K9me3,7a744b5c-6073-4628-9808-23a805743bd7
,,EBV Nuclear Antigen (EBNA),,,EBNA,f004b01a-98ac-47e2-bf3e-77680d9eeaa4
,,Matrix metalloproteinases (MMPs),Mouse,1758,MMPs,83fba3d0-6206-48e5-9cdd-7f77c75a522c
,,Ecotropic Viral Integration (EVI),Mouse,1758,EVI,92f721f8-4908-4a65-bbf6-a08553617688
,,Ten Eleven Translocation (TET),Mouse,1758,TET,c32baa81-fcb6-4c0f-9fa5-c99a29f06cc5
1787,,,,9606,CDKN2A,807b5240-62df-486f-ad2d-0f7899955e84
6407,,,,9606,KRAS,1d5e805a-1804-4077-87c3-6b6bca99b751
583,,,,9606,APC,d2aaa94d-641a-49e4-863d-5226a34056ad
1097,,,,9606,BRAF,abc8f969-9b9e-4999-b438-661ff380ed44
8975,,,,9606,PIK3CA,a28e7abe-ec06-4b18-9ff1-f81d907e13ed
6770,,,,9606,SMAD4,74280c49-6ed6-45a3-bc05-2703617f25c2
1788,,,,9606,CDKN2B,1358976f-20ab-4d3a-bd77-c6794a4352b7
1101,,,,9606,BRCA2,b4dff86a-e4a0-44e5-bdd8-1a61bc349f33
7989,,,,9606,NRAS,a1aa6922-2535-408f-8312-684d925a6101
12363,,,,9606,TSC2,0cacb11f-db9e-4505-8874-7cfa9b60d8a3
173,,,,9606,ACVR2A,ce6ece73-e4f4-4225-94f6-52f975b09675
914,,,,9606,B2M,6d10b920-5918-4fbf-bb2b-e0c3f23e6a30
2514,,,,9606,CTNNB1,db6cb421-faad-46ea-9e76-8ce8d8035adc
11773,,,,9606,TGFBR2,fc42df8b-ee19-4ec4-9552-b94db128b0e5
2621,,,,9606,CYP2C19,0a66e302-ff90-48fb-adea-f2035b49a597
7029,,,,9606,MET,da56dd2e-fa5f-4a0a-bac6-21142a308912
7135,,,,9606,AFF1 + HGNC,465fb17a-173f-4974-a967-eea4cbcd41b5
3765,,,,9606,FLT3,d65de03e-3929-416f-8724-c3052ba76f1b
4172,,,,9606,GATA3,602452fe-4553-4ec3-88b2-8762805bbc87
593,,,,,BIRC5,fc21d4bc-00fe-4b2d-8e90-0635696c2c0c
,,,,,BIRC5 wt Allele,0e26bec2-653d-41bc-a59f-af0c7fd0edc9
1819,,,,,CEACAM7,ca7fd265-d1b6-4db7-b60b-db0920d4f914
9826,,,,,RAD54L,dc2359c9-5f80-40dd-af3c-6aeaea0f1590
6210,,,,,CD82,f728860e-f38a-4bbf-b97d-4a67b560e599
1744,,,,,CDC6,9bc076d2-16a6-41c9-8d35-2e6bae7000b9
1937,,,,,CHKA,88c2aad0-4a34-4ba6-a288-913dde16e89c
31488,,,,,MIR101-1,d04ee2a3-636b-4134-ac1e-691c33f06870
31508,,,,,MIR126,ed92ccf6-1656-4a93-8d19-4ef002366b21
31509,,,,,MIR127,112d89c0-8b3d-4df8-952e-dede7d45b7e7
31532,,,,,MIR145,1cbe5349-7569-463e-87ed-d32f99ed9843
31533,,,,,MIR146A,763448db-73e0-44c0-9fdc-098d6ab35a76
31543,,,,,MIR15A,785c88c5-f0d9-44c7-88c2-d7e9ad10593f
31545,,,,,MIR16-1,afb0b3f6-7a74-4242-be33-3d60fc9f556b
31586,,,,,MIR21,b6447b18-6541-4d66-861c-2fbf44cd6523
31601,,,,,MIR221,d30832da-ab99-412d-9daa-53cc28958b0a
31602,,,,,MIR222,25f39fda-497b-4d64-be14-3d8852d196a2
31606,,,,,MIR23B,0877f5f0-9504-4a21-a6f3-41dda5391bf0
32126,,,,,MIR521-1,273d3152-c19d-4967-a4db-603d51dd218e
32113,,,,,MIR521-2,9fe9ef98-5664-4286-b35e-9ef4c4fd3c08
31480,,,,,MIRLET7C,0a957f7e-4918-4d1a-8ef1-87e28beebb58
7372,,,,,MSMB,1f5891e8-c523-4f7d-b0be-5228922b74f0
9588,,,,,PTEN,4948dc89-982a-45a6-a121-a7d1cc13d55d
10504,,,,,S100P,2af1c3b1-d246-425b-b958-07f7951e1079
10885,,,,,SIPA1,1d53f60a-829d-497b-a847-3bc1fcf245be
11333,,,,,SSTR4,3a89d45e-0623-461e-a8ae-60cd2b98d4fd
11876,,,,,TMPRSS2,32313e12-0d40-4f44-987e-a1bb1820e590
7137,,,,,AFDN,9ba32f88-5ea8-4983-8d71-fa349ab4a5b7
15472,,,,,ALDH1A2,124b7d20-bc0d-4121-acab-227bc0b03f1c
795,,,,,ATM,9047f095-c1e1-45ca-b38f-fb2f4592218d
905,,,,,AXL,e6b75f96-7f09-40bd-be72-7f095243e18c
1148,,,,,BUB1,f9399424-561d-4496-aa8c-96b217083f2e
7139,,,,,FOXO4,ee93278b-9192-4fc3-bc99-7bba5e598d98
4840,,,,,HCK,e7575231-e268-4fff-8fa0-11de9b141423
31494,,,,,MIR106A,8568cdcd-0a2d-4030-b2ba-01ac2fc4932f
31502,,,,,MIR124-1,b4d24cd8-9c75-44b5-ad4c-b9bd641da8eb
31515,,,,,MIR130B,7f9fdd49-beea-480a-a692-21babe0c2866
31547,,,,,MIR17,eebf7d40-0b9a-4604-aa1a-87ab54b728ca
31577,,,,,MIR20A,082bfbb3-c69b-4d89-9233-4045833eddab
31476,,,,,MIRLET7A1,300181eb-516a-4346-b838-f9b48dc68e41
31478,,,,,MIRLET7A3,f451bec9-ed5e-413e-a7fc-3dcf308957c6
7134,,,,,MLLT1,9ee66dac-3f7e-45b9-b4b4-9d7f19bdaf11
7138,,,,,MLLT6,e4d51538-9368-490f-81ae-f4350876a7e2
2874,,,,,NQO1,1fd6e599-bca1-4712-ad1f-184f036caf33
11649,,,,,TCL1B,fdaae412-a2e2-432a-b5c3-020825624fce
11692,,,,,TCTA,b3dac455-37b9-4d13-9fbb-0a3fa6d570e4
18618,,,,,LRRK2,afcffcb6-740a-4796-abeb-7cede2c59e20
31759,,,,,MIR133B,e39182cc-c506-4d68-9d98-a236c3eb1ee2
32026,,,,,MIR433,7f48ed37-2e3c-4dce-b1f1-e41534eb2f6b
7872,,,,,NOS1,fbe6f548-4bde-42a6-bae4-c695f9a63791
8607,,,,,PRKN,d0e629ed-3601-474f-b896-1c29d979bb40
11138,,,,,SNCA,36d3b083-107f-44f4-8eec-177fcc70c05c
11320,,,,,ABI1,789b0190-6c04-4b4a-aae0-e04349787020
77,,,,,ABL2,0ef0cfc1-bc2d-48f2-ae67-7f5351e66fd6
700,,,,,ARNT,ef0f3d32-ee38-43c9-84f5-abeaf4842660
2704,,,,,DCK,84139c2a-cfdd-43d7-ac21-5ba5232ea528
3419,,,,,EPS15,5fc54f84-a286-471c-80dd-9001ce6d6c0e
5109,,,,,HOXA9,75e0173e-2943-4c6b-b9c2-f993692cd90a
31619,,,,,MIR29B1,74e8d42f-9c86-4c29-b743-3eea7c0e4478
31620,,,,,MIR29B2,5929a64d-6804-4d02-aa3c-1f36157c221c
31632,,,,,MIR320A,30131ba5-87ec-4311-8928-0b15431b3ecb
7910,,,,,NPM1,5ee2a122-d898-42f3-8154-0f86e2815a50
8068,,,,,NUP98,5b5262eb-8ce1-496c-88e4-d05b10da7953
9701,,,,,PURA,b4c8df47-a91b-4dad-a818-a6d9b32608cd
