gene_uuid,folder_uuid
13dd5f46-798c-4848-ab62-6ed60205329b,06f1221c-dc5c-409c-aa1d-9fc38a7aa31c
7a744b5c-6073-4628-9808-23a805743bd7,06f1221c-dc5c-409c-aa1d-9fc38a7aa31c
92f721f8-4908-4a65-bbf6-a08553617688,46b06a86-bcd3-4c8c-9e66-176ce48db823
c32baa81-fcb6-4c0f-9fa5-c99a29f06cc5,46b06a86-bcd3-4c8c-9e66-176ce48db823
ca9d5159-632a-459e-b711-916f9470cd65,6b50fb13-112a-41b9-9096-bd3ad1cd6dae
cd572636-2653-46c3-b652-9818a37f9024,6b50fb13-112a-41b9-9096-bd3ad1cd6dae
f1d65de1-03e7-461c-9d72-1b5185b3d611,785da8ff-de38-4f56-9487-476918314e48
ea6c6c9d-8402-427b-a68f-d5ed641b9ace,5bdc8f9f-cb8f-43d3-b39a-d79625feb780
8f75b529-1b5a-44f2-9794-3a5f32638398,765d6cac-1272-4dcd-9f47-8ed63c2992b3
83fba3d0-6206-48e5-9cdd-7f77c75a522c,d52ae1f4-9322-440d-a9b8-6239a2df4b2d
e197a653-676d-4f41-8a4f-de063dd277a5,5dfeef3e-1992-4ca2-9eaf-bd48df03e2f7
0ee0fd10-0da8-4985-b19f-5f881a4b6f95,7f284179-3518-4e05-8b4b-102360838465
8b9e121f-2690-4a6b-80de-e5c86b0c6116,49d02cfc-7c33-4a62-a72b-b0398f2a2bd6
e2744cb1-0f4a-4c1c-b047-f74bacb564d6,599cc87d-585e-4e49-bc77-d5ba6cef0a13
5870b31d-257f-4a41-ae01-40b3608da290,599cc87d-585e-4e49-bc77-d5ba6cef0a13
8b9e121f-2690-4a6b-80de-e5c86b0c6116,599cc87d-585e-4e49-bc77-d5ba6cef0a13
2ac23c5c-f238-4d94-9456-8a10872bfc50,5c81c580-204b-4b3a-a854-8aebb2e93a78
1e3b55dd-428b-49b1-8814-a12b87ed4b93,5c81c580-204b-4b3a-a854-8aebb2e93a78
3522e7dd-061a-4bc9-b381-e0041675124b,5c81c580-204b-4b3a-a854-8aebb2e93a78
ca9d5159-632a-459e-b711-916f9470cd65,a7f87274-01b1-49cb-a4b6-92dc347c8ca8
22f690b9-325a-4b76-8d98-d79dd70d41ec,c2bc5cf9-780f-42aa-b707-7dd41a39daa4
8b9e121f-2690-4a6b-80de-e5c86b0c6116,268eda04-2e01-4e70-b8f0-7a9cd4326677
3f7e4cec-2ed2-4da5-89f6-8a61896fe4dc,0313e045-df52-40aa-aef6-cf7dfcb267d0
f004b01a-98ac-47e2-bf3e-77680d9eeaa4,847a3158-9fa1-43cd-b996-2693fd32292f
22f690b9-325a-4b76-8d98-d79dd70d41ec,ac3820d0-6b52-4647-9e01-8d8051cebd7c
22f690b9-325a-4b76-8d98-d79dd70d41ec,383ebac4-05c3-4ddf-bb5f-ead080782206
8f75b529-1b5a-44f2-9794-3a5f32638398,5548b8cf-cb98-4df5-9de0-0c327a1c0eac
6841191b-7b03-4b92-9385-5276d720d18e,3f02fea8-89c6-4aa6-8895-b4bddd7ac51f
