organism_uuid,gene_uuid
bae60011-1cee-4ce0-8c87-3bed0c16f345,22f690b9-325a-4b76-8d98-d79dd70d41ec
bae60011-1cee-4ce0-8c87-3bed0c16f345,ca9d5159-632a-459e-b711-916f9470cd65
bae60011-1cee-4ce0-8c87-3bed0c16f345,cd572636-2653-46c3-b652-9818a37f9024
bae60011-1cee-4ce0-8c87-3bed0c16f345,ea6c6c9d-8402-427b-a68f-d5ed641b9ace
bae60011-1cee-4ce0-8c87-3bed0c16f345,e2744cb1-0f4a-4c1c-b047-f74bacb564d6
bae60011-1cee-4ce0-8c87-3bed0c16f345,e197a653-676d-4f41-8a4f-de063dd277a5
bae60011-1cee-4ce0-8c87-3bed0c16f345,5870b31d-257f-4a41-ae01-40b3608da290
bae60011-1cee-4ce0-8c87-3bed0c16f345,8b9e121f-2690-4a6b-80de-e5c86b0c6116
bae60011-1cee-4ce0-8c87-3bed0c16f345,2ac23c5c-f238-4d94-9456-8a10872bfc50
bae60011-1cee-4ce0-8c87-3bed0c16f345,6841191b-7b03-4b92-9385-5276d720d18e
bae60011-1cee-4ce0-8c87-3bed0c16f345,f1d65de1-03e7-461c-9d72-1b5185b3d611
bae60011-1cee-4ce0-8c87-3bed0c16f345,3f7e4cec-2ed2-4da5-89f6-8a61896fe4dc
bae60011-1cee-4ce0-8c87-3bed0c16f345,1e3b55dd-428b-49b1-8814-a12b87ed4b93
bae60011-1cee-4ce0-8c87-3bed0c16f345,3522e7dd-061a-4bc9-b381-e0041675124b
bae60011-1cee-4ce0-8c87-3bed0c16f345,0ee0fd10-0da8-4985-b19f-5f881a4b6f95
bae60011-1cee-4ce0-8c87-3bed0c16f345,13dd5f46-798c-4848-ab62-6ed60205329b
da6e149f-0005-4d9a-9074-dcb0463a3483,8f75b529-1b5a-44f2-9794-3a5f32638398
da6e149f-0005-4d9a-9074-dcb0463a3483,83fba3d0-6206-48e5-9cdd-7f77c75a522c
da6e149f-0005-4d9a-9074-dcb0463a3483,92f721f8-4908-4a65-bbf6-a08553617688
da6e149f-0005-4d9a-9074-dcb0463a3483,c32baa81-fcb6-4c0f-9fa5-c99a29f06cc5
bae60011-1cee-4ce0-8c87-3bed0c16f345,807b5240-62df-486f-ad2d-0f7899955e84
bae60011-1cee-4ce0-8c87-3bed0c16f345,1d5e805a-1804-4077-87c3-6b6bca99b751
bae60011-1cee-4ce0-8c87-3bed0c16f345,d2aaa94d-641a-49e4-863d-5226a34056ad
bae60011-1cee-4ce0-8c87-3bed0c16f345,abc8f969-9b9e-4999-b438-661ff380ed44
bae60011-1cee-4ce0-8c87-3bed0c16f345,a28e7abe-ec06-4b18-9ff1-f81d907e13ed
bae60011-1cee-4ce0-8c87-3bed0c16f345,74280c49-6ed6-45a3-bc05-2703617f25c2
bae60011-1cee-4ce0-8c87-3bed0c16f345,1358976f-20ab-4d3a-bd77-c6794a4352b7
bae60011-1cee-4ce0-8c87-3bed0c16f345,b4dff86a-e4a0-44e5-bdd8-1a61bc349f33
bae60011-1cee-4ce0-8c87-3bed0c16f345,a1aa6922-2535-408f-8312-684d925a6101
bae60011-1cee-4ce0-8c87-3bed0c16f345,0cacb11f-db9e-4505-8874-7cfa9b60d8a3
bae60011-1cee-4ce0-8c87-3bed0c16f345,ce6ece73-e4f4-4225-94f6-52f975b09675
bae60011-1cee-4ce0-8c87-3bed0c16f345,6d10b920-5918-4fbf-bb2b-e0c3f23e6a30
bae60011-1cee-4ce0-8c87-3bed0c16f345,db6cb421-faad-46ea-9e76-8ce8d8035adc
bae60011-1cee-4ce0-8c87-3bed0c16f345,fc42df8b-ee19-4ec4-9552-b94db128b0e5
bae60011-1cee-4ce0-8c87-3bed0c16f345,0a66e302-ff90-48fb-adea-f2035b49a597
bae60011-1cee-4ce0-8c87-3bed0c16f345,da56dd2e-fa5f-4a0a-bac6-21142a308912
bae60011-1cee-4ce0-8c87-3bed0c16f345,465fb17a-173f-4974-a967-eea4cbcd41b5
bae60011-1cee-4ce0-8c87-3bed0c16f345,d65de03e-3929-416f-8724-c3052ba76f1b
bae60011-1cee-4ce0-8c87-3bed0c16f345,602452fe-4553-4ec3-88b2-8762805bbc87
