institute_name,institute_uuid
Cooper University Hospital (CUH),9232acc2-10ce-4b4c-a74c-43d9112c0ddd
GSK,e77482a3-8401-427a-8501-40eff3093107
Coriell Institute for Medical Research,684cb4ed-8c7f-4e39-a2e2-f972b7e29e56
Camden Opioid Research Initiative (CORI),18db1065-7a9f-40f2-9a13-0f66966ad469
National Institute of Neurological Disorders and Stroke (NINDS),c2d3aab7-5d5f-49ce-8b3e-26a7feaa09f9
Coriell Personalized Medicine Collaborative,2d2cdfec-7e83-4d93-af13-1a6d7c5bdc3e
Fels Institute for Cancer Research and Molecular Biology,d3691768-c4c5-4bc0-8584-cf8122b8d79c
