institute_uuid,folder_uuid
18db1065-7a9f-40f2-9a13-0f66966ad469,4078a586-f3d2-4b43-b454-43428076244a
9232acc2-10ce-4b4c-a74c-43d9112c0ddd,c12e87a9-7b31-4900-9c35-373a2fe4c1d1
18db1065-7a9f-40f2-9a13-0f66966ad469,b6a686a5-29d2-4cb0-b9f1-fb2a551a9539
9232acc2-10ce-4b4c-a74c-43d9112c0ddd,e9877932-7379-46c0-9d47-ce6802e0bb8a
9232acc2-10ce-4b4c-a74c-43d9112c0ddd,7dae23ea-fb6b-4d1e-a7d9-06eda794dc1c
9232acc2-10ce-4b4c-a74c-43d9112c0ddd,184569b4-e8fc-4dca-99b8-d688b2e2f45a
c2d3aab7-5d5f-49ce-8b3e-26a7feaa09f9,af55da21-7cc1-4fa9-80d4-a74889679f94
18db1065-7a9f-40f2-9a13-0f66966ad469,81efefd8-ecc8-4282-8cd2-8c0b355bc971
9232acc2-10ce-4b4c-a74c-43d9112c0ddd,aa975234-e0a3-4972-a7ca-6518c74c1f01
c2d3aab7-5d5f-49ce-8b3e-26a7feaa09f9,2ffd5ba9-828e-4560-9d0b-f2111159733f
c2d3aab7-5d5f-49ce-8b3e-26a7feaa09f9,379ed4a8-941b-463a-b543-31b9e907814c
9232acc2-10ce-4b4c-a74c-43d9112c0ddd,45abc83a-67ac-4722-a5a0-19e8d50e068d
18db1065-7a9f-40f2-9a13-0f66966ad469,c02eae7d-564b-4a22-a5a1-6b3faac353f5
9232acc2-10ce-4b4c-a74c-43d9112c0ddd,2e648247-ff40-492e-ae9c-a9608528b5a5
18db1065-7a9f-40f2-9a13-0f66966ad469,aae7e84a-5f5f-4acb-8936-ab7128bd1ad8
18db1065-7a9f-40f2-9a13-0f66966ad469,047a6ccd-5273-4e03-a7d6-315d78cb8e9b
18db1065-7a9f-40f2-9a13-0f66966ad469,5a139a3c-0684-48d3-a0bc-30a03efe4d18
9232acc2-10ce-4b4c-a74c-43d9112c0ddd,4f9af198-88aa-4b42-8368-988dd74672d9
9232acc2-10ce-4b4c-a74c-43d9112c0ddd,230943ab-70e3-4736-914e-c3dcdbdb28d8
18db1065-7a9f-40f2-9a13-0f66966ad469,56d3973d-b9e6-4538-a1a1-afe048144124
2d2cdfec-7e83-4d93-af13-1a6d7c5bdc3e,da2a8266-0724-4297-99cf-b9d440833f83
9232acc2-10ce-4b4c-a74c-43d9112c0ddd,637fa3f7-2a0d-49d4-b669-2edce6d5f912
c2d3aab7-5d5f-49ce-8b3e-26a7feaa09f9,6ea58f2c-9199-4a1d-8ff5-42e862298716
9232acc2-10ce-4b4c-a74c-43d9112c0ddd,91561469-ce28-46f9-8a76-c5a1b7bf569b
9232acc2-10ce-4b4c-a74c-43d9112c0ddd,8f885ae5-3fd1-4ba5-bc88-8bef4e3b84a7
18db1065-7a9f-40f2-9a13-0f66966ad469,46a5b91d-806f-4f32-8178-04138b5fda40
9232acc2-10ce-4b4c-a74c-43d9112c0ddd,20031245-4119-4d5c-ae7a-e89e8f199d67
9232acc2-10ce-4b4c-a74c-43d9112c0ddd,69f6a28a-b5ac-4054-856c-a58225e9f501
18db1065-7a9f-40f2-9a13-0f66966ad469,7dd1778f-f7e2-4521-abcf-2c5e0b67b142
2d2cdfec-7e83-4d93-af13-1a6d7c5bdc3e,611243b6-cac6-42e7-a3bc-3deca0db086d
18db1065-7a9f-40f2-9a13-0f66966ad469,4328906c-ea95-4cf9-a343-54146e201866
9232acc2-10ce-4b4c-a74c-43d9112c0ddd,d5a4282a-81f3-4a64-bdd0-98fa2b946b52
9232acc2-10ce-4b4c-a74c-43d9112c0ddd,e4bf5cc1-b9d5-4a40-8481-d7183a66de6e
9232acc2-10ce-4b4c-a74c-43d9112c0ddd,54886f6d-f32d-48b3-8cad-094f047cfd54
18db1065-7a9f-40f2-9a13-0f66966ad469,9648675d-1712-436f-b12a-1d27f5aaf946
2d2cdfec-7e83-4d93-af13-1a6d7c5bdc3e,9648675d-1712-436f-b12a-1d27f5aaf946
9232acc2-10ce-4b4c-a74c-43d9112c0ddd,9b2b151e-2437-44db-b2f6-3580b4d8b65f
2d2cdfec-7e83-4d93-af13-1a6d7c5bdc3e,65e2b0c4-e7e5-43b5-9a01-73dbed5cedb1
2d2cdfec-7e83-4d93-af13-1a6d7c5bdc3e,ee3f0fcb-ba71-4fed-ad47-2ad65897c1ec
18db1065-7a9f-40f2-9a13-0f66966ad469,542e1046-5d46-4c71-a8d1-7e3fda04c022
c2d3aab7-5d5f-49ce-8b3e-26a7feaa09f9,cc038401-f236-4cbe-ab69-33d0c0a5f832
9232acc2-10ce-4b4c-a74c-43d9112c0ddd,842e0bf2-ee28-4e8d-9d59-7f3c6f489f89
c2d3aab7-5d5f-49ce-8b3e-26a7feaa09f9,caee8054-faf1-49a0-acc9-8ee61f4abc08
9232acc2-10ce-4b4c-a74c-43d9112c0ddd,b3743164-7c80-4217-8d10-21dc80c2594d
c2d3aab7-5d5f-49ce-8b3e-26a7feaa09f9,47f5fb02-50c8-47c5-aa6d-cfc902d13157
e77482a3-8401-427a-8501-40eff3093107,79e4f7e6-d0be-4cfe-9d03-f25f633b9e26
9232acc2-10ce-4b4c-a74c-43d9112c0ddd,9262a743-0868-4f17-a07a-b026117be924
18db1065-7a9f-40f2-9a13-0f66966ad469,340364d6-ebe2-418f-94fa-1c330720cd80
2d2cdfec-7e83-4d93-af13-1a6d7c5bdc3e,e7860f2d-26a7-4b91-8bb3-c36b3d382052
c2d3aab7-5d5f-49ce-8b3e-26a7feaa09f9,02d822f7-2037-4a04-b4dd-db5c4c284153
9232acc2-10ce-4b4c-a74c-43d9112c0ddd,ca589be0-919a-4936-8b6c-91a9b2807d3a
9232acc2-10ce-4b4c-a74c-43d9112c0ddd,494af9a6-4b17-4d38-a647-a9d4fdd027bd
9232acc2-10ce-4b4c-a74c-43d9112c0ddd,96dc1097-09f8-4011-b1bb-13bcb9bcf329
c2d3aab7-5d5f-49ce-8b3e-26a7feaa09f9,3f02fea8-89c6-4aa6-8895-b4bddd7ac51f
18db1065-7a9f-40f2-9a13-0f66966ad469,ee089357-74fe-4b83-8567-1327f45d5fe3
9232acc2-10ce-4b4c-a74c-43d9112c0ddd,5b34ae50-8860-4765-b2b6-bae975bed8b4
2d2cdfec-7e83-4d93-af13-1a6d7c5bdc3e,774b915c-0a6b-4036-b6e3-c6fc1942b110
9232acc2-10ce-4b4c-a74c-43d9112c0ddd,b57ed173-f34c-48a0-be3a-17f135e61ee2
18db1065-7a9f-40f2-9a13-0f66966ad469,f46d00f5-1329-44f4-aa3f-a196826d01da
c2d3aab7-5d5f-49ce-8b3e-26a7feaa09f9,56845593-e0ec-41ea-9c66-359e6240222d
c2d3aab7-5d5f-49ce-8b3e-26a7feaa09f9,4039948a-31f9-4750-9587-34f2d62d7a92
