lab_uuid,folder_uuid
01011997-74a4-47f5-ae41-c80ee8be87eb,771e6a42-b486-4dc2-8d2a-f1b8b7632b20
5fd67cf5-dcbd-4f82-88f1-254f8f875916,46b06a86-bcd3-4c8c-9e66-176ce48db823
01011997-74a4-47f5-ae41-c80ee8be87eb,336675ed-c8d8-40e7-8789-272de144d11f
01011997-74a4-47f5-ae41-c80ee8be87eb,c653c9ab-3b30-4e85-979c-8c3bfe7833fb
01011997-74a4-47f5-ae41-c80ee8be87eb,d4b5f0ed-4151-4aa5-9d5f-0db06f92c704
01011997-74a4-47f5-ae41-c80ee8be87eb,6cceb556-2200-4b46-81cc-0feb378386e0
01011997-74a4-47f5-ae41-c80ee8be87eb,43a327dd-f046-4869-92a6-5504763b8ade
5fd67cf5-dcbd-4f82-88f1-254f8f875916,6b50fb13-112a-41b9-9096-bd3ad1cd6dae
faac34b8-5709-497a-bf0c-18df5122d885,561f0c37-5872-4928-9365-6cf59512ce4b
01011997-74a4-47f5-ae41-c80ee8be87eb,b4945ac7-35f9-42ad-b2f8-7cad10a022be
01011997-74a4-47f5-ae41-c80ee8be87eb,8a322dc0-9a00-4151-8d67-a05f98f97b29
5fd67cf5-dcbd-4f82-88f1-254f8f875916,846a5adf-0c2c-464e-8f14-83523298abf0
01011997-74a4-47f5-ae41-c80ee8be87eb,79fa8b17-ac2c-4856-9dc0-48cdb3e8586f
5fd67cf5-dcbd-4f82-88f1-254f8f875916,d52ae1f4-9322-440d-a9b8-6239a2df4b2d
5fd67cf5-dcbd-4f82-88f1-254f8f875916,5eed071a-c3e3-46d6-b30e-79d98595e5a2
01011997-74a4-47f5-ae41-c80ee8be87eb,2e648247-ff40-492e-ae9c-a9608528b5a5
faac34b8-5709-497a-bf0c-18df5122d885,00ad2612-85bb-4363-8b11-3b352fccf3ac
01011997-74a4-47f5-ae41-c80ee8be87eb,aae7e84a-5f5f-4acb-8936-ab7128bd1ad8
01011997-74a4-47f5-ae41-c80ee8be87eb,56d3973d-b9e6-4538-a1a1-afe048144124
01011997-74a4-47f5-ae41-c80ee8be87eb,49d02cfc-7c33-4a62-a72b-b0398f2a2bd6
01011997-74a4-47f5-ae41-c80ee8be87eb,599cc87d-585e-4e49-bc77-d5ba6cef0a13
01011997-74a4-47f5-ae41-c80ee8be87eb,5c81c580-204b-4b3a-a854-8aebb2e93a78
5fd67cf5-dcbd-4f82-88f1-254f8f875916,a7f87274-01b1-49cb-a4b6-92dc347c8ca8
01011997-74a4-47f5-ae41-c80ee8be87eb,dfcdac26-b3b7-423e-a59c-d18fcf6dbe38
01011997-74a4-47f5-ae41-c80ee8be87eb,c2bc5cf9-780f-42aa-b707-7dd41a39daa4
01011997-74a4-47f5-ae41-c80ee8be87eb,20031245-4119-4d5c-ae7a-e89e8f199d67
01011997-74a4-47f5-ae41-c80ee8be87eb,7dd1778f-f7e2-4521-abcf-2c5e0b67b142
01011997-74a4-47f5-ae41-c80ee8be87eb,4328906c-ea95-4cf9-a343-54146e201866
5fd67cf5-dcbd-4f82-88f1-254f8f875916,836505d5-cf06-49e5-bee7-773ad6be4ac7
01011997-74a4-47f5-ae41-c80ee8be87eb,e4bf5cc1-b9d5-4a40-8481-d7183a66de6e
01011997-74a4-47f5-ae41-c80ee8be87eb,268eda04-2e01-4e70-b8f0-7a9cd4326677
01011997-74a4-47f5-ae41-c80ee8be87eb,9648675d-1712-436f-b12a-1d27f5aaf946
5fd67cf5-dcbd-4f82-88f1-254f8f875916,5ce9ab8a-4578-4882-8d15-5ecfda5a751b
01011997-74a4-47f5-ae41-c80ee8be87eb,02aed2e0-8a7b-4561-9fda-06fb0c25ef12
01011997-74a4-47f5-ae41-c80ee8be87eb,07010820-e31d-47e7-8dec-576ff9172fb8
01011997-74a4-47f5-ae41-c80ee8be87eb,b0a9e125-487c-4cef-9d69-5e811cb60592
01011997-74a4-47f5-ae41-c80ee8be87eb,ac3820d0-6b52-4647-9e01-8d8051cebd7c
01011997-74a4-47f5-ae41-c80ee8be87eb,383ebac4-05c3-4ddf-bb5f-ead080782206
ac669ea4-5498-4675-b3c0-d0f0851c3f7c,bc3c31d2-5174-4f38-bb0e-f982273437c9
01011997-74a4-47f5-ae41-c80ee8be87eb,f46d00f5-1329-44f4-aa3f-a196826d01da
01011997-74a4-47f5-ae41-c80ee8be87eb,2a7ada53-392d-4676-a611-04cb07482eb1
99143b38-9f89-46e4-8415-40ee429b35b3,d84b2f0e-c62d-41b9-a0c8-4261619be74c
5fd67cf5-dcbd-4f82-88f1-254f8f875916,d84b2f0e-c62d-41b9-a0c8-4261619be74c
