organism_uuid,folder_uuid
bae60011-1cee-4ce0-8c87-3bed0c16f345,c12e87a9-7b31-4900-9c35-373a2fe4c1d1
da6e149f-0005-4d9a-9074-dcb0463a3483,ed76fcad-fc4d-412a-b4df-e4031e3ef735
bae60011-1cee-4ce0-8c87-3bed0c16f345,b6a686a5-29d2-4cb0-b9f1-fb2a551a9539
da6e149f-0005-4d9a-9074-dcb0463a3483,4dd353e7-f035-460b-80f3-2bb5456b6872
bae60011-1cee-4ce0-8c87-3bed0c16f345,6d4a0f6d-d3ee-4fa6-904d-4fb1a9a03c08
da6e149f-0005-4d9a-9074-dcb0463a3483,738dfdd1-c9d4-488e-aa5e-383110c4266e
da6e149f-0005-4d9a-9074-dcb0463a3483,46b06a86-bcd3-4c8c-9e66-176ce48db823
da6e149f-0005-4d9a-9074-dcb0463a3483,d22ddf78-4f6f-466a-a09a-55f1c4a6ffda
bae60011-1cee-4ce0-8c87-3bed0c16f345,26579526-aadf-4cf5-8d40-804e68c926ec
da6e149f-0005-4d9a-9074-dcb0463a3483,26579526-aadf-4cf5-8d40-804e68c926ec
bae60011-1cee-4ce0-8c87-3bed0c16f345,c653c9ab-3b30-4e85-979c-8c3bfe7833fb
bae60011-1cee-4ce0-8c87-3bed0c16f345,82db79bf-e17f-4274-bcd5-1cc17130ac48
bae60011-1cee-4ce0-8c87-3bed0c16f345,184569b4-e8fc-4dca-99b8-d688b2e2f45a
bae60011-1cee-4ce0-8c87-3bed0c16f345,d4b5f0ed-4151-4aa5-9d5f-0db06f92c704
da6e149f-0005-4d9a-9074-dcb0463a3483,493df0a2-be5a-4303-add9-8292e4898575
da6e149f-0005-4d9a-9074-dcb0463a3483,6cceb556-2200-4b46-81cc-0feb378386e0
da6e149f-0005-4d9a-9074-dcb0463a3483,43a327dd-f046-4869-92a6-5504763b8ade
bae60011-1cee-4ce0-8c87-3bed0c16f345,6b50fb13-112a-41b9-9096-bd3ad1cd6dae
da6e149f-0005-4d9a-9074-dcb0463a3483,c8f6222e-c3b1-48f2-b155-cbef76afcac7
da6e149f-0005-4d9a-9074-dcb0463a3483,e4b39961-cfda-4e34-94d9-c55c709ea2a5
da6e149f-0005-4d9a-9074-dcb0463a3483,25113031-6775-4e7c-988f-860a0979d432
da6e149f-0005-4d9a-9074-dcb0463a3483,4c0791ef-965e-4cbe-8589-faf35f96e450
bae60011-1cee-4ce0-8c87-3bed0c16f345,561f0c37-5872-4928-9365-6cf59512ce4b
bae60011-1cee-4ce0-8c87-3bed0c16f345,785da8ff-de38-4f56-9487-476918314e48
da6e149f-0005-4d9a-9074-dcb0463a3483,3d0358ee-eb40-4ace-8745-a9b96f127600
da6e149f-0005-4d9a-9074-dcb0463a3483,9fb630b8-5ab0-4180-adeb-aaa4877e06c8
bae60011-1cee-4ce0-8c87-3bed0c16f345,af55da21-7cc1-4fa9-80d4-a74889679f94
bae60011-1cee-4ce0-8c87-3bed0c16f345,81efefd8-ecc8-4282-8cd2-8c0b355bc971
da6e149f-0005-4d9a-9074-dcb0463a3483,b6133daa-71b2-4a61-83e6-eb026c587f7f
bae60011-1cee-4ce0-8c87-3bed0c16f345,be9f0f17-b24c-4c5d-beae-aed9452e588a
da6e149f-0005-4d9a-9074-dcb0463a3483,139a44d0-4bed-4b95-a07c-3bb2291bff65
bae60011-1cee-4ce0-8c87-3bed0c16f345,ce8c729e-598a-460a-ae63-5cc746eddd6b
bae60011-1cee-4ce0-8c87-3bed0c16f345,79fa8b17-ac2c-4856-9dc0-48cdb3e8586f
da6e149f-0005-4d9a-9074-dcb0463a3483,fa12e62b-cb3e-420a-91fa-a8a01272dbae
da6e149f-0005-4d9a-9074-dcb0463a3483,765d6cac-1272-4dcd-9f47-8ed63c2992b3
bae60011-1cee-4ce0-8c87-3bed0c16f345,a44b7731-bdcd-4d6c-bca9-82ea9e61f63e
da6e149f-0005-4d9a-9074-dcb0463a3483,d52ae1f4-9322-440d-a9b8-6239a2df4b2d
bae60011-1cee-4ce0-8c87-3bed0c16f345,c02eae7d-564b-4a22-a5a1-6b3faac353f5
da6e149f-0005-4d9a-9074-dcb0463a3483,5eed071a-c3e3-46d6-b30e-79d98595e5a2
bae60011-1cee-4ce0-8c87-3bed0c16f345,e73b8cb2-87d0-42f6-a259-eaae5302b32d
bae60011-1cee-4ce0-8c87-3bed0c16f345,3500c076-2194-48fb-9100-ad888713e07d
da6e149f-0005-4d9a-9074-dcb0463a3483,058c439d-51b0-448f-b3cb-b8685b1dfd34
bae60011-1cee-4ce0-8c87-3bed0c16f345,00ad2612-85bb-4363-8b11-3b352fccf3ac
bae60011-1cee-4ce0-8c87-3bed0c16f345,aae7e84a-5f5f-4acb-8936-ab7128bd1ad8
bae60011-1cee-4ce0-8c87-3bed0c16f345,010fe5fb-7de2-4bc0-8f63-0214508fe116
da6e149f-0005-4d9a-9074-dcb0463a3483,16cefcff-942a-4574-a032-bb569871e317
bae60011-1cee-4ce0-8c87-3bed0c16f345,b780271b-c56c-4897-9c42-fc732fa1fd5c
bae60011-1cee-4ce0-8c87-3bed0c16f345,5a139a3c-0684-48d3-a0bc-30a03efe4d18
da6e149f-0005-4d9a-9074-dcb0463a3483,6004a836-8ab4-4b98-a529-03d1d1a654df
da6e149f-0005-4d9a-9074-dcb0463a3483,b8776080-5eee-41fc-a8c3-7f1dd3d910d1
bae60011-1cee-4ce0-8c87-3bed0c16f345,fddea788-9198-4194-9fe2-c76de0fecbbf
da6e149f-0005-4d9a-9074-dcb0463a3483,c3ea339e-a6ad-45a1-90b7-1a10d5d67787
da6e149f-0005-4d9a-9074-dcb0463a3483,230943ab-70e3-4736-914e-c3dcdbdb28d8
bae60011-1cee-4ce0-8c87-3bed0c16f345,56d3973d-b9e6-4538-a1a1-afe048144124
bae60011-1cee-4ce0-8c87-3bed0c16f345,61515bd2-faf8-4cc8-a7bf-b95d4bae559f
bae60011-1cee-4ce0-8c87-3bed0c16f345,b116d7e7-cd62-4104-bd65-ef61f524b782
bae60011-1cee-4ce0-8c87-3bed0c16f345,6aabea7a-dd06-4012-8afe-e8467e9aff74
bae60011-1cee-4ce0-8c87-3bed0c16f345,28747e88-a960-4eae-b9db-0a30bed4fa7e
da6e149f-0005-4d9a-9074-dcb0463a3483,47ad283e-3350-41e0-afb2-720fe4b83332
bae60011-1cee-4ce0-8c87-3bed0c16f345,a7f87274-01b1-49cb-a4b6-92dc347c8ca8
bae60011-1cee-4ce0-8c87-3bed0c16f345,dfcdac26-b3b7-423e-a59c-d18fcf6dbe38
da6e149f-0005-4d9a-9074-dcb0463a3483,7830a853-e465-4019-8073-e269f7f29a84
bae60011-1cee-4ce0-8c87-3bed0c16f345,20b9f5dd-97b0-40f3-98d7-ec6ca171f1ab
da6e149f-0005-4d9a-9074-dcb0463a3483,8374d63d-728d-4ff6-8682-4f932b4ca2e3
bae60011-1cee-4ce0-8c87-3bed0c16f345,301ac78c-854a-444a-959d-eda1582b8e7b
bae60011-1cee-4ce0-8c87-3bed0c16f345,46a5b91d-806f-4f32-8178-04138b5fda40
da6e149f-0005-4d9a-9074-dcb0463a3483,ec59c388-5457-477b-9b3d-7f1652890caa
bae60011-1cee-4ce0-8c87-3bed0c16f345,7dd1778f-f7e2-4521-abcf-2c5e0b67b142
da6e149f-0005-4d9a-9074-dcb0463a3483,044d588d-af33-4662-a502-43c1858ffce0
da6e149f-0005-4d9a-9074-dcb0463a3483,e9cea4bd-5130-4f8f-8aaa-d932af17d6ae
da6e149f-0005-4d9a-9074-dcb0463a3483,3b3a5f77-2fff-4247-b5dc-2722ea83e6ee
bae60011-1cee-4ce0-8c87-3bed0c16f345,4328906c-ea95-4cf9-a343-54146e201866
bae60011-1cee-4ce0-8c87-3bed0c16f345,730d7c33-8f2f-47e5-9139-897b40ee3ac0
bae60011-1cee-4ce0-8c87-3bed0c16f345,836505d5-cf06-49e5-bee7-773ad6be4ac7
da6e149f-0005-4d9a-9074-dcb0463a3483,f9318ddf-3b1d-44ef-8e3b-de6457d091c7
bae60011-1cee-4ce0-8c87-3bed0c16f345,746faa5f-711d-405d-8eb8-b5e026ea114a
bae60011-1cee-4ce0-8c87-3bed0c16f345,408c8859-783b-4158-aea1-7323105174d7
bae60011-1cee-4ce0-8c87-3bed0c16f345,9648675d-1712-436f-b12a-1d27f5aaf946
da6e149f-0005-4d9a-9074-dcb0463a3483,5ce9ab8a-4578-4882-8d15-5ecfda5a751b
bae60011-1cee-4ce0-8c87-3bed0c16f345,02aed2e0-8a7b-4561-9fda-06fb0c25ef12
da6e149f-0005-4d9a-9074-dcb0463a3483,9725004a-4b57-4a20-98ed-48d4761f948b
bae60011-1cee-4ce0-8c87-3bed0c16f345,ae30de43-a947-4b19-9945-3587739fcea1
bae60011-1cee-4ce0-8c87-3bed0c16f345,07010820-e31d-47e7-8dec-576ff9172fb8
bae60011-1cee-4ce0-8c87-3bed0c16f345,b0a9e125-487c-4cef-9d69-5e811cb60592
da6e149f-0005-4d9a-9074-dcb0463a3483,7be5020b-18d8-41bf-b25f-f855173e1823
bae60011-1cee-4ce0-8c87-3bed0c16f345,eef1cb19-09ac-4305-bd96-ed32b661edba
bae60011-1cee-4ce0-8c87-3bed0c16f345,542e1046-5d46-4c71-a8d1-7e3fda04c022
bae60011-1cee-4ce0-8c87-3bed0c16f345,cc038401-f236-4cbe-ab69-33d0c0a5f832
bae60011-1cee-4ce0-8c87-3bed0c16f345,847a3158-9fa1-43cd-b996-2693fd32292f
da6e149f-0005-4d9a-9074-dcb0463a3483,0947df94-1ccd-4dc8-8b8f-466652943d5b
bae60011-1cee-4ce0-8c87-3bed0c16f345,2023f023-d4b0-459b-9443-801d387fb82e
da6e149f-0005-4d9a-9074-dcb0463a3483,14930d65-6b1a-498a-be3c-0c4260656be9
da6e149f-0005-4d9a-9074-dcb0463a3483,949c7032-533e-4faa-a948-3ffb45b6cee3
da6e149f-0005-4d9a-9074-dcb0463a3483,bfa1e1d3-2c29-4f11-82ac-106b66af0fdd
bae60011-1cee-4ce0-8c87-3bed0c16f345,340364d6-ebe2-418f-94fa-1c330720cd80
da6e149f-0005-4d9a-9074-dcb0463a3483,5548b8cf-cb98-4df5-9de0-0c327a1c0eac
da6e149f-0005-4d9a-9074-dcb0463a3483,efc63dc9-f994-4cb8-a266-89ded6050f1a
da6e149f-0005-4d9a-9074-dcb0463a3483,bc3c31d2-5174-4f38-bb0e-f982273437c9
da6e149f-0005-4d9a-9074-dcb0463a3483,70d49e81-2e91-4a48-8eda-1e59a5fe0627
bae60011-1cee-4ce0-8c87-3bed0c16f345,ee089357-74fe-4b83-8567-1327f45d5fe3
da6e149f-0005-4d9a-9074-dcb0463a3483,e0efa408-6d0a-4c90-ae39-d0f473b5c990
bae60011-1cee-4ce0-8c87-3bed0c16f345,b57ed173-f34c-48a0-be3a-17f135e61ee2
bae60011-1cee-4ce0-8c87-3bed0c16f345,f46d00f5-1329-44f4-aa3f-a196826d01da
bae60011-1cee-4ce0-8c87-3bed0c16f345,56845593-e0ec-41ea-9c66-359e6240222d
da6e149f-0005-4d9a-9074-dcb0463a3483,2a7ada53-392d-4676-a611-04cb07482eb1
bae60011-1cee-4ce0-8c87-3bed0c16f345,019a2c4d-4082-4f12-9abb-e3c1be8ba5a2
da6e149f-0005-4d9a-9074-dcb0463a3483,b4cacf9f-a026-4ddf-ac49-0ef2c28eaf41
