researcher_name,institute,lab,researcher_uuid
Woonbok Chung,Coriell,The Issa & Jelenik Lab,d084831b-083f-43b9-9a5d-4a93bbe36eae
Jaroslav Jelinek,Coriell,The Issa & Jelenik Lab,e932c23d-fe68-40b2-91e4-b6f19a8d303c
Shoghag Panjarian,Coriell,The Issa & Jelenik Lab,73b40666-a0e9-49da-ba93-8c6e246f91c5
Himani Vaidya,Coriell,The Issa & Jelenik Lab,57797480-c945-4a5b-9b4b-111fdd26fb54
Peace Park,Coriell,The Issa & Jelenik Lab,764a4c37-d2b2-4e2c-8397-ed0bad8ac31b
Matthew Walt,Coriell,The Issa & Jelenik Lab,2b656b47-bb5d-4247-9ec3-ff46c619082a
Jian Huang,Coriell,The Jian Huang Lab,658d7bb7-e2d2-411a-9f60-86dfd4b1e26c
Zhaorui Lian,Coriell,The Jian Huang Lab,95b8c444-b8c5-4d16-97b8-8baef28be2f6
Yi Zhang,,,e9553733-63da-40e7-b1f0-50860634a244
Nora Engel,Coriell,The Nora Engel Lab,467c0eba-34ad-4d49-ab6b-4e3dc3cb0ae4
Diego Morales,Coriell,,00533794-5b9a-4d7f-a0d3-b4454c8a7f0c
Peng Wang,Coriell,,93c2ceb5-2be4-48ab-a375-829e10b0b976
Laura Scheinfeldt,Coriell,The Scheinfeldt Lab,d0a3c4d5-7f07-457e-ac34-28bfd498f5aa
Rebecca Platoff,Cooper University Hospital (CUH),,9b0db5cf-cf98-4673-a154-aac7b86d49e3
Bela Patel,Fels Institute for Cancer Research and Molecular Biology,,4d9230e7-a19d-4f46-90d9-df9be231d82d
Kelly Whelan,Fels Institute for Cancer Research and Molecular Biology,,2e645726-47be-4e33-a873-851208a565a6
Italo Tempera,Fels Institute for Cancer Research and Molecular Biology,,881edca6-3c22-4754-90d8-e5e15967ae28
Italo Tempera,Fels Institute for Cancer Research and Molecular Biology,,fc79ed3f-6a74-47da-8274-5a49b797e46c
HyeSeon,,,bef2f7df-c014-4ea9-820b-587008654a02
Sierra,,,371ffb29-6738-454c-ade8-32cbad3c2578
Gigi,,,ca1b7ecb-c215-4a33-b2a2-29c35c4a507a
Ying,,,01395e0f-2c14-4d43-b124-075542176780
Olivia,,,ff3dd604-966f-493c-a9ce-0b26922ebcc8
Zach,,,b0ecd633-6540-49bf-bc1c-343d50f249bd
Wes,,,c5cc2126-24cd-47ee-beb0-c29f24424556
