lab_uuid,researcher_uuid
01011997-74a4-47f5-ae41-c80ee8be87eb,d084831b-083f-43b9-9a5d-4a93bbe36eae
01011997-74a4-47f5-ae41-c80ee8be87eb,e932c23d-fe68-40b2-91e4-b6f19a8d303c
01011997-74a4-47f5-ae41-c80ee8be87eb,73b40666-a0e9-49da-ba93-8c6e246f91c5
01011997-74a4-47f5-ae41-c80ee8be87eb,57797480-c945-4a5b-9b4b-111fdd26fb54
01011997-74a4-47f5-ae41-c80ee8be87eb,764a4c37-d2b2-4e2c-8397-ed0bad8ac31b
01011997-74a4-47f5-ae41-c80ee8be87eb,2b656b47-bb5d-4247-9ec3-ff46c619082a
99143b38-9f89-46e4-8415-40ee429b35b3,658d7bb7-e2d2-411a-9f60-86dfd4b1e26c
5fd67cf5-dcbd-4f82-88f1-254f8f875916,658d7bb7-e2d2-411a-9f60-86dfd4b1e26c
99143b38-9f89-46e4-8415-40ee429b35b3,95b8c444-b8c5-4d16-97b8-8baef28be2f6
5fd67cf5-dcbd-4f82-88f1-254f8f875916,95b8c444-b8c5-4d16-97b8-8baef28be2f6
ac669ea4-5498-4675-b3c0-d0f0851c3f7c,467c0eba-34ad-4d49-ab6b-4e3dc3cb0ae4
2319e6f0-3b95-4d07-8a51-a5e30fd70a68,d0a3c4d5-7f07-457e-ac34-28bfd498f5aa
