researcher_uuid,folder_uuid
e932c23d-fe68-40b2-91e4-b6f19a8d303c,771e6a42-b486-4dc2-8d2a-f1b8b7632b20
d0a3c4d5-7f07-457e-ac34-28bfd498f5aa,4078a586-f3d2-4b43-b454-43428076244a
9b0db5cf-cf98-4673-a154-aac7b86d49e3,c12e87a9-7b31-4900-9c35-373a2fe4c1d1
57797480-c945-4a5b-9b4b-111fdd26fb54,ed76fcad-fc4d-412a-b4df-e4031e3ef735
d084831b-083f-43b9-9a5d-4a93bbe36eae,b6a686a5-29d2-4cb0-b9f1-fb2a551a9539
57797480-c945-4a5b-9b4b-111fdd26fb54,4dd353e7-f035-460b-80f3-2bb5456b6872
73b40666-a0e9-49da-ba93-8c6e246f91c5,6d4a0f6d-d3ee-4fa6-904d-4fb1a9a03c08
bef2f7df-c014-4ea9-820b-587008654a02,738dfdd1-c9d4-488e-aa5e-383110c4266e
658d7bb7-e2d2-411a-9f60-86dfd4b1e26c,46b06a86-bcd3-4c8c-9e66-176ce48db823
764a4c37-d2b2-4e2c-8397-ed0bad8ac31b,04e6a57c-62bc-459a-b272-6a41a5e60a37
57797480-c945-4a5b-9b4b-111fdd26fb54,d22ddf78-4f6f-466a-a09a-55f1c4a6ffda
e932c23d-fe68-40b2-91e4-b6f19a8d303c,336675ed-c8d8-40e7-8789-272de144d11f
00533794-5b9a-4d7f-a0d3-b4454c8a7f0c,26579526-aadf-4cf5-8d40-804e68c926ec
e932c23d-fe68-40b2-91e4-b6f19a8d303c,c653c9ab-3b30-4e85-979c-8c3bfe7833fb
d084831b-083f-43b9-9a5d-4a93bbe36eae,e9877932-7379-46c0-9d47-ce6802e0bb8a
d084831b-083f-43b9-9a5d-4a93bbe36eae,7dae23ea-fb6b-4d1e-a7d9-06eda794dc1c
ca1b7ecb-c215-4a33-b2a2-29c35c4a507a,184569b4-e8fc-4dca-99b8-d688b2e2f45a
e932c23d-fe68-40b2-91e4-b6f19a8d303c,d4b5f0ed-4151-4aa5-9d5f-0db06f92c704
764a4c37-d2b2-4e2c-8397-ed0bad8ac31b,493df0a2-be5a-4303-add9-8292e4898575
e932c23d-fe68-40b2-91e4-b6f19a8d303c,6cceb556-2200-4b46-81cc-0feb378386e0
e932c23d-fe68-40b2-91e4-b6f19a8d303c,43a327dd-f046-4869-92a6-5504763b8ade
658d7bb7-e2d2-411a-9f60-86dfd4b1e26c,6b50fb13-112a-41b9-9096-bd3ad1cd6dae
57797480-c945-4a5b-9b4b-111fdd26fb54,c8f6222e-c3b1-48f2-b155-cbef76afcac7
764a4c37-d2b2-4e2c-8397-ed0bad8ac31b,c8f6222e-c3b1-48f2-b155-cbef76afcac7
764a4c37-d2b2-4e2c-8397-ed0bad8ac31b,e4b39961-cfda-4e34-94d9-c55c709ea2a5
57797480-c945-4a5b-9b4b-111fdd26fb54,25113031-6775-4e7c-988f-860a0979d432
57797480-c945-4a5b-9b4b-111fdd26fb54,4c0791ef-965e-4cbe-8589-faf35f96e450
95b8c444-b8c5-4d16-97b8-8baef28be2f6,785da8ff-de38-4f56-9487-476918314e48
e932c23d-fe68-40b2-91e4-b6f19a8d303c,b4945ac7-35f9-42ad-b2f8-7cad10a022be
bef2f7df-c014-4ea9-820b-587008654a02,3d0358ee-eb40-4ace-8745-a9b96f127600
bef2f7df-c014-4ea9-820b-587008654a02,9fb630b8-5ab0-4180-adeb-aaa4877e06c8
d084831b-083f-43b9-9a5d-4a93bbe36eae,28b3e1ba-d635-49c7-be66-3a85683b9ef9
d084831b-083f-43b9-9a5d-4a93bbe36eae,af55da21-7cc1-4fa9-80d4-a74889679f94
e932c23d-fe68-40b2-91e4-b6f19a8d303c,8a322dc0-9a00-4151-8d67-a05f98f97b29
658d7bb7-e2d2-411a-9f60-86dfd4b1e26c,846a5adf-0c2c-464e-8f14-83523298abf0
d084831b-083f-43b9-9a5d-4a93bbe36eae,81efefd8-ecc8-4282-8cd2-8c0b355bc971
57797480-c945-4a5b-9b4b-111fdd26fb54,b6133daa-71b2-4a61-83e6-eb026c587f7f
764a4c37-d2b2-4e2c-8397-ed0bad8ac31b,be9f0f17-b24c-4c5d-beae-aed9452e588a
d084831b-083f-43b9-9a5d-4a93bbe36eae,2ffd5ba9-828e-4560-9d0b-f2111159733f
57797480-c945-4a5b-9b4b-111fdd26fb54,139a44d0-4bed-4b95-a07c-3bb2291bff65
d084831b-083f-43b9-9a5d-4a93bbe36eae,c3e9c834-7ab3-435e-8ff1-8e299aa6ecf7
764a4c37-d2b2-4e2c-8397-ed0bad8ac31b,ce8c729e-598a-460a-ae63-5cc746eddd6b
e932c23d-fe68-40b2-91e4-b6f19a8d303c,79fa8b17-ac2c-4856-9dc0-48cdb3e8586f
bef2f7df-c014-4ea9-820b-587008654a02,fa12e62b-cb3e-420a-91fa-a8a01272dbae
e9553733-63da-40e7-b1f0-50860634a244,765d6cac-1272-4dcd-9f47-8ed63c2992b3
93c2ceb5-2be4-48ab-a375-829e10b0b976,765d6cac-1272-4dcd-9f47-8ed63c2992b3
01395e0f-2c14-4d43-b124-075542176780,765d6cac-1272-4dcd-9f47-8ed63c2992b3
d084831b-083f-43b9-9a5d-4a93bbe36eae,379ed4a8-941b-463a-b543-31b9e907814c
2b656b47-bb5d-4247-9ec3-ff46c619082a,a44b7731-bdcd-4d6c-bca9-82ea9e61f63e
658d7bb7-e2d2-411a-9f60-86dfd4b1e26c,d52ae1f4-9322-440d-a9b8-6239a2df4b2d
d084831b-083f-43b9-9a5d-4a93bbe36eae,c02eae7d-564b-4a22-a5a1-6b3faac353f5
658d7bb7-e2d2-411a-9f60-86dfd4b1e26c,5eed071a-c3e3-46d6-b30e-79d98595e5a2
881edca6-3c22-4754-90d8-e5e15967ae28,e73b8cb2-87d0-42f6-a259-eaae5302b32d
fc79ed3f-6a74-47da-8274-5a49b797e46c,e73b8cb2-87d0-42f6-a259-eaae5302b32d
e932c23d-fe68-40b2-91e4-b6f19a8d303c,2e648247-ff40-492e-ae9c-a9608528b5a5
57797480-c945-4a5b-9b4b-111fdd26fb54,058c439d-51b0-448f-b3cb-b8685b1dfd34
764a4c37-d2b2-4e2c-8397-ed0bad8ac31b,058c439d-51b0-448f-b3cb-b8685b1dfd34
e932c23d-fe68-40b2-91e4-b6f19a8d303c,aae7e84a-5f5f-4acb-8936-ab7128bd1ad8
764a4c37-d2b2-4e2c-8397-ed0bad8ac31b,010fe5fb-7de2-4bc0-8f63-0214508fe116
57797480-c945-4a5b-9b4b-111fdd26fb54,16cefcff-942a-4574-a032-bb569871e317
d084831b-083f-43b9-9a5d-4a93bbe36eae,b780271b-c56c-4897-9c42-fc732fa1fd5c
95b8c444-b8c5-4d16-97b8-8baef28be2f6,5dfeef3e-1992-4ca2-9eaf-bd48df03e2f7
d0a3c4d5-7f07-457e-ac34-28bfd498f5aa,047a6ccd-5273-4e03-a7d6-315d78cb8e9b
d084831b-083f-43b9-9a5d-4a93bbe36eae,5a139a3c-0684-48d3-a0bc-30a03efe4d18
2e645726-47be-4e33-a873-851208a565a6,6004a836-8ab4-4b98-a529-03d1d1a654df
e9553733-63da-40e7-b1f0-50860634a244,b8776080-5eee-41fc-a8c3-7f1dd3d910d1
764a4c37-d2b2-4e2c-8397-ed0bad8ac31b,fddea788-9198-4194-9fe2-c76de0fecbbf
95b8c444-b8c5-4d16-97b8-8baef28be2f6,944bef5e-e04e-46f2-85a4-d75ebc02d100
764a4c37-d2b2-4e2c-8397-ed0bad8ac31b,c3ea339e-a6ad-45a1-90b7-1a10d5d67787
95b8c444-b8c5-4d16-97b8-8baef28be2f6,755529e9-9f10-41de-9a9c-8e3cb575b07f
d084831b-083f-43b9-9a5d-4a93bbe36eae,4f9af198-88aa-4b42-8368-988dd74672d9
ca1b7ecb-c215-4a33-b2a2-29c35c4a507a,230943ab-70e3-4736-914e-c3dcdbdb28d8
e932c23d-fe68-40b2-91e4-b6f19a8d303c,56d3973d-b9e6-4538-a1a1-afe048144124
00533794-5b9a-4d7f-a0d3-b4454c8a7f0c,7f284179-3518-4e05-8b4b-102360838465
d084831b-083f-43b9-9a5d-4a93bbe36eae,61515bd2-faf8-4cc8-a7bf-b95d4bae559f
c5cc2126-24cd-47ee-beb0-c29f24424556,b116d7e7-cd62-4104-bd65-ef61f524b782
e932c23d-fe68-40b2-91e4-b6f19a8d303c,49d02cfc-7c33-4a62-a72b-b0398f2a2bd6
d084831b-083f-43b9-9a5d-4a93bbe36eae,da2a8266-0724-4297-99cf-b9d440833f83
e932c23d-fe68-40b2-91e4-b6f19a8d303c,599cc87d-585e-4e49-bc77-d5ba6cef0a13
73b40666-a0e9-49da-ba93-8c6e246f91c5,28747e88-a960-4eae-b9db-0a30bed4fa7e
e932c23d-fe68-40b2-91e4-b6f19a8d303c,5c81c580-204b-4b3a-a854-8aebb2e93a78
57797480-c945-4a5b-9b4b-111fdd26fb54,47ad283e-3350-41e0-afb2-720fe4b83332
764a4c37-d2b2-4e2c-8397-ed0bad8ac31b,47ad283e-3350-41e0-afb2-720fe4b83332
d084831b-083f-43b9-9a5d-4a93bbe36eae,6ea58f2c-9199-4a1d-8ff5-42e862298716
658d7bb7-e2d2-411a-9f60-86dfd4b1e26c,a7f87274-01b1-49cb-a4b6-92dc347c8ca8
e932c23d-fe68-40b2-91e4-b6f19a8d303c,dfcdac26-b3b7-423e-a59c-d18fcf6dbe38
e932c23d-fe68-40b2-91e4-b6f19a8d303c,c2bc5cf9-780f-42aa-b707-7dd41a39daa4
57797480-c945-4a5b-9b4b-111fdd26fb54,7830a853-e465-4019-8073-e269f7f29a84
371ffb29-6738-454c-ade8-32cbad3c2578,20b9f5dd-97b0-40f3-98d7-ec6ca171f1ab
57797480-c945-4a5b-9b4b-111fdd26fb54,8374d63d-728d-4ff6-8682-4f932b4ca2e3
d084831b-083f-43b9-9a5d-4a93bbe36eae,adaf380a-2d17-43f2-98fd-4a16fc3b7f26
d084831b-083f-43b9-9a5d-4a93bbe36eae,8f885ae5-3fd1-4ba5-bc88-8bef4e3b84a7
764a4c37-d2b2-4e2c-8397-ed0bad8ac31b,301ac78c-854a-444a-959d-eda1582b8e7b
d084831b-083f-43b9-9a5d-4a93bbe36eae,46a5b91d-806f-4f32-8178-04138b5fda40
e932c23d-fe68-40b2-91e4-b6f19a8d303c,20031245-4119-4d5c-ae7a-e89e8f199d67
d084831b-083f-43b9-9a5d-4a93bbe36eae,206b649e-6a3a-4074-b5e7-9ad7049d7c99
57797480-c945-4a5b-9b4b-111fdd26fb54,ec59c388-5457-477b-9b3d-7f1652890caa
e932c23d-fe68-40b2-91e4-b6f19a8d303c,7dd1778f-f7e2-4521-abcf-2c5e0b67b142
bef2f7df-c014-4ea9-820b-587008654a02,044d588d-af33-4662-a502-43c1858ffce0
d084831b-083f-43b9-9a5d-4a93bbe36eae,611243b6-cac6-42e7-a3bc-3deca0db086d
d084831b-083f-43b9-9a5d-4a93bbe36eae,fe2e7a51-3a08-4019-a99d-0271c75fc5be
764a4c37-d2b2-4e2c-8397-ed0bad8ac31b,e9cea4bd-5130-4f8f-8aaa-d932af17d6ae
57797480-c945-4a5b-9b4b-111fdd26fb54,3b3a5f77-2fff-4247-b5dc-2722ea83e6ee
e932c23d-fe68-40b2-91e4-b6f19a8d303c,4328906c-ea95-4cf9-a343-54146e201866
4d9230e7-a19d-4f46-90d9-df9be231d82d,4328906c-ea95-4cf9-a343-54146e201866
658d7bb7-e2d2-411a-9f60-86dfd4b1e26c,836505d5-cf06-49e5-bee7-773ad6be4ac7
95b8c444-b8c5-4d16-97b8-8baef28be2f6,836505d5-cf06-49e5-bee7-773ad6be4ac7
00533794-5b9a-4d7f-a0d3-b4454c8a7f0c,36ef4a46-63a7-4c86-91ad-44605eb05db1
57797480-c945-4a5b-9b4b-111fdd26fb54,f9318ddf-3b1d-44ef-8e3b-de6457d091c7
b0ecd633-6540-49bf-bc1c-343d50f249bd,d5a4282a-81f3-4a64-bdd0-98fa2b946b52
e932c23d-fe68-40b2-91e4-b6f19a8d303c,e4bf5cc1-b9d5-4a40-8481-d7183a66de6e
e932c23d-fe68-40b2-91e4-b6f19a8d303c,268eda04-2e01-4e70-b8f0-7a9cd4326677
d084831b-083f-43b9-9a5d-4a93bbe36eae,44d31f5c-58b5-405d-b185-9668f29459bb
d084831b-083f-43b9-9a5d-4a93bbe36eae,746faa5f-711d-405d-8eb8-b5e026ea114a
00533794-5b9a-4d7f-a0d3-b4454c8a7f0c,9014fd49-9268-4629-94c7-10934fe0ad52
73b40666-a0e9-49da-ba93-8c6e246f91c5,0313e045-df52-40aa-aef6-cf7dfcb267d0
764a4c37-d2b2-4e2c-8397-ed0bad8ac31b,408c8859-783b-4158-aea1-7323105174d7
e932c23d-fe68-40b2-91e4-b6f19a8d303c,9648675d-1712-436f-b12a-1d27f5aaf946
658d7bb7-e2d2-411a-9f60-86dfd4b1e26c,5ce9ab8a-4578-4882-8d15-5ecfda5a751b
e932c23d-fe68-40b2-91e4-b6f19a8d303c,02aed2e0-8a7b-4561-9fda-06fb0c25ef12
2e645726-47be-4e33-a873-851208a565a6,9725004a-4b57-4a20-98ed-48d4761f948b
d084831b-083f-43b9-9a5d-4a93bbe36eae,65e2b0c4-e7e5-43b5-9a01-73dbed5cedb1
e932c23d-fe68-40b2-91e4-b6f19a8d303c,07010820-e31d-47e7-8dec-576ff9172fb8
d084831b-083f-43b9-9a5d-4a93bbe36eae,ee3f0fcb-ba71-4fed-ad47-2ad65897c1ec
e932c23d-fe68-40b2-91e4-b6f19a8d303c,b0a9e125-487c-4cef-9d69-5e811cb60592
bef2f7df-c014-4ea9-820b-587008654a02,7be5020b-18d8-41bf-b25f-f855173e1823
764a4c37-d2b2-4e2c-8397-ed0bad8ac31b,eef1cb19-09ac-4305-bd96-ed32b661edba
d084831b-083f-43b9-9a5d-4a93bbe36eae,542e1046-5d46-4c71-a8d1-7e3fda04c022
d084831b-083f-43b9-9a5d-4a93bbe36eae,cc038401-f236-4cbe-ab69-33d0c0a5f832
d084831b-083f-43b9-9a5d-4a93bbe36eae,842e0bf2-ee28-4e8d-9d59-7f3c6f489f89
d084831b-083f-43b9-9a5d-4a93bbe36eae,4cdf9018-13c9-4ad1-8948-fc2bccdf4094
881edca6-3c22-4754-90d8-e5e15967ae28,847a3158-9fa1-43cd-b996-2693fd32292f
fc79ed3f-6a74-47da-8274-5a49b797e46c,847a3158-9fa1-43cd-b996-2693fd32292f
764a4c37-d2b2-4e2c-8397-ed0bad8ac31b,0947df94-1ccd-4dc8-8b8f-466652943d5b
e932c23d-fe68-40b2-91e4-b6f19a8d303c,ac3820d0-6b52-4647-9e01-8d8051cebd7c
d084831b-083f-43b9-9a5d-4a93bbe36eae,2023f023-d4b0-459b-9443-801d387fb82e
d084831b-083f-43b9-9a5d-4a93bbe36eae,b3743164-7c80-4217-8d10-21dc80c2594d
57797480-c945-4a5b-9b4b-111fdd26fb54,14930d65-6b1a-498a-be3c-0c4260656be9
d084831b-083f-43b9-9a5d-4a93bbe36eae,47f5fb02-50c8-47c5-aa6d-cfc902d13157
e932c23d-fe68-40b2-91e4-b6f19a8d303c,383ebac4-05c3-4ddf-bb5f-ead080782206
764a4c37-d2b2-4e2c-8397-ed0bad8ac31b,949c7032-533e-4faa-a948-3ffb45b6cee3
881edca6-3c22-4754-90d8-e5e15967ae28,79e4f7e6-d0be-4cfe-9d03-f25f633b9e26
fc79ed3f-6a74-47da-8274-5a49b797e46c,79e4f7e6-d0be-4cfe-9d03-f25f633b9e26
57797480-c945-4a5b-9b4b-111fdd26fb54,bfa1e1d3-2c29-4f11-82ac-106b66af0fdd
d084831b-083f-43b9-9a5d-4a93bbe36eae,e7860f2d-26a7-4b91-8bb3-c36b3d382052
95b8c444-b8c5-4d16-97b8-8baef28be2f6,6bba2eca-2eb1-4c61-a107-1058b6c1dfd8
d084831b-083f-43b9-9a5d-4a93bbe36eae,02d822f7-2037-4a04-b4dd-db5c4c284153
d084831b-083f-43b9-9a5d-4a93bbe36eae,ca589be0-919a-4936-8b6c-91a9b2807d3a
d084831b-083f-43b9-9a5d-4a93bbe36eae,494af9a6-4b17-4d38-a647-a9d4fdd027bd
e9553733-63da-40e7-b1f0-50860634a244,5548b8cf-cb98-4df5-9de0-0c327a1c0eac
93c2ceb5-2be4-48ab-a375-829e10b0b976,5548b8cf-cb98-4df5-9de0-0c327a1c0eac
01395e0f-2c14-4d43-b124-075542176780,5548b8cf-cb98-4df5-9de0-0c327a1c0eac
2e645726-47be-4e33-a873-851208a565a6,efc63dc9-f994-4cb8-a266-89ded6050f1a
467c0eba-34ad-4d49-ab6b-4e3dc3cb0ae4,bc3c31d2-5174-4f38-bb0e-f982273437c9
d084831b-083f-43b9-9a5d-4a93bbe36eae,108619a1-4c34-4b8d-b525-bb9e2200298a
57797480-c945-4a5b-9b4b-111fdd26fb54,70d49e81-2e91-4a48-8eda-1e59a5fe0627
d084831b-083f-43b9-9a5d-4a93bbe36eae,3f02fea8-89c6-4aa6-8895-b4bddd7ac51f
57797480-c945-4a5b-9b4b-111fdd26fb54,21ee5d24-bd14-413e-ac73-a61b2b53b726
d084831b-083f-43b9-9a5d-4a93bbe36eae,ee089357-74fe-4b83-8567-1327f45d5fe3
d084831b-083f-43b9-9a5d-4a93bbe36eae,774b915c-0a6b-4036-b6e3-c6fc1942b110
2e645726-47be-4e33-a873-851208a565a6,e0efa408-6d0a-4c90-ae39-d0f473b5c990
ff3dd604-966f-493c-a9ce-0b26922ebcc8,b57ed173-f34c-48a0-be3a-17f135e61ee2
e932c23d-fe68-40b2-91e4-b6f19a8d303c,f46d00f5-1329-44f4-aa3f-a196826d01da
4d9230e7-a19d-4f46-90d9-df9be231d82d,f46d00f5-1329-44f4-aa3f-a196826d01da
d084831b-083f-43b9-9a5d-4a93bbe36eae,56845593-e0ec-41ea-9c66-359e6240222d
e932c23d-fe68-40b2-91e4-b6f19a8d303c,2a7ada53-392d-4676-a611-04cb07482eb1
658d7bb7-e2d2-411a-9f60-86dfd4b1e26c,d84b2f0e-c62d-41b9-a0c8-4261619be74c
764a4c37-d2b2-4e2c-8397-ed0bad8ac31b,b4cacf9f-a026-4ddf-ac49-0ef2c28eaf41
