seqcompany_uuid,folder_uuid
84315a91-a5fa-496d-8061-63753e8325ff,4078a586-f3d2-4b43-b454-43428076244a
9c31ac65-d434-40a4-a6b4-eb16e4e89308,4dd353e7-f035-460b-80f3-2bb5456b6872
f3cf526d-2dfd-4b3c-b57b-60220837aaa8,46b06a86-bcd3-4c8c-9e66-176ce48db823
9c31ac65-d434-40a4-a6b4-eb16e4e89308,c653c9ab-3b30-4e85-979c-8c3bfe7833fb
f3cf526d-2dfd-4b3c-b57b-60220837aaa8,d4b5f0ed-4151-4aa5-9d5f-0db06f92c704
9c31ac65-d434-40a4-a6b4-eb16e4e89308,d4b5f0ed-4151-4aa5-9d5f-0db06f92c704
f3cf526d-2dfd-4b3c-b57b-60220837aaa8,6cceb556-2200-4b46-81cc-0feb378386e0
9c31ac65-d434-40a4-a6b4-eb16e4e89308,e4b39961-cfda-4e34-94d9-c55c709ea2a5
f2656be9-687f-4fef-89e9-04b7f2eb6c26,9fb630b8-5ab0-4180-adeb-aaa4877e06c8
f2656be9-687f-4fef-89e9-04b7f2eb6c26,2ffd5ba9-828e-4560-9d0b-f2111159733f
f2656be9-687f-4fef-89e9-04b7f2eb6c26,d52ae1f4-9322-440d-a9b8-6239a2df4b2d
d836c783-b8a1-4e7d-b385-f7ffcb9b3f8a,058c439d-51b0-448f-b3cb-b8685b1dfd34
d836c783-b8a1-4e7d-b385-f7ffcb9b3f8a,010fe5fb-7de2-4bc0-8f63-0214508fe116
84315a91-a5fa-496d-8061-63753e8325ff,047a6ccd-5273-4e03-a7d6-315d78cb8e9b
f3cf526d-2dfd-4b3c-b57b-60220837aaa8,b8776080-5eee-41fc-a8c3-7f1dd3d910d1
f2656be9-687f-4fef-89e9-04b7f2eb6c26,fddea788-9198-4194-9fe2-c76de0fecbbf
9c31ac65-d434-40a4-a6b4-eb16e4e89308,7f284179-3518-4e05-8b4b-102360838465
f2656be9-687f-4fef-89e9-04b7f2eb6c26,61515bd2-faf8-4cc8-a7bf-b95d4bae559f
bec2f824-6f52-458e-8cfc-b1f0cd2f658c,5c81c580-204b-4b3a-a854-8aebb2e93a78
9c31ac65-d434-40a4-a6b4-eb16e4e89308,dfcdac26-b3b7-423e-a59c-d18fcf6dbe38
9c95879c-df9e-49ab-8125-a00e1380f261,c2bc5cf9-780f-42aa-b707-7dd41a39daa4
f2656be9-687f-4fef-89e9-04b7f2eb6c26,69f6a28a-b5ac-4054-856c-a58225e9f501
f2656be9-687f-4fef-89e9-04b7f2eb6c26,044d588d-af33-4662-a502-43c1858ffce0
9c31ac65-d434-40a4-a6b4-eb16e4e89308,e9cea4bd-5130-4f8f-8aaa-d932af17d6ae
f2656be9-687f-4fef-89e9-04b7f2eb6c26,27621591-046d-4ad9-8ef7-d59cd1ed8eb2
f2656be9-687f-4fef-89e9-04b7f2eb6c26,3a38d594-1701-47e4-894c-510429052bd7
f2656be9-687f-4fef-89e9-04b7f2eb6c26,a542276b-3a58-49f2-858d-7fb0e1c9a7cc
d836c783-b8a1-4e7d-b385-f7ffcb9b3f8a,408c8859-783b-4158-aea1-7323105174d7
9c31ac65-d434-40a4-a6b4-eb16e4e89308,5ce9ab8a-4578-4882-8d15-5ecfda5a751b
f2656be9-687f-4fef-89e9-04b7f2eb6c26,cc038401-f236-4cbe-ab69-33d0c0a5f832
9c95879c-df9e-49ab-8125-a00e1380f261,ac3820d0-6b52-4647-9e01-8d8051cebd7c
9c31ac65-d434-40a4-a6b4-eb16e4e89308,47f5fb02-50c8-47c5-aa6d-cfc902d13157
9c95879c-df9e-49ab-8125-a00e1380f261,383ebac4-05c3-4ddf-bb5f-ead080782206
9c31ac65-d434-40a4-a6b4-eb16e4e89308,949c7032-533e-4faa-a948-3ffb45b6cee3
0e3ba09c-dc99-40a2-b997-bc4860fa7438,bfa1e1d3-2c29-4f11-82ac-106b66af0fdd
bec2f824-6f52-458e-8cfc-b1f0cd2f658c,6bba2eca-2eb1-4c61-a107-1058b6c1dfd8
9c31ac65-d434-40a4-a6b4-eb16e4e89308,21ee5d24-bd14-413e-ac73-a61b2b53b726
f2656be9-687f-4fef-89e9-04b7f2eb6c26,25274bf5-8fa8-4aef-9a68-813e909ee0d4
473879eb-abeb-4025-9c46-12faa9933f7b,2a7ada53-392d-4676-a611-04cb07482eb1
eec14deb-833b-45f6-a74b-5bdd1892dc82,2a7ada53-392d-4676-a611-04cb07482eb1
