study_uuid,folder_uuid
e28e51d3-1b52-45d1-bd12-0b5494be7f45,b6a686a5-29d2-4cb0-b9f1-fb2a551a9539
1d4f9a15-dde3-4f4d-a605-a1a296d8c7d8,b6a686a5-29d2-4cb0-b9f1-fb2a551a9539
e28e51d3-1b52-45d1-bd12-0b5494be7f45,81efefd8-ecc8-4282-8cd2-8c0b355bc971
1d4f9a15-dde3-4f4d-a605-a1a296d8c7d8,81efefd8-ecc8-4282-8cd2-8c0b355bc971
e28e51d3-1b52-45d1-bd12-0b5494be7f45,c02eae7d-564b-4a22-a5a1-6b3faac353f5
1d4f9a15-dde3-4f4d-a605-a1a296d8c7d8,c02eae7d-564b-4a22-a5a1-6b3faac353f5
e28e51d3-1b52-45d1-bd12-0b5494be7f45,5a139a3c-0684-48d3-a0bc-30a03efe4d18
1d4f9a15-dde3-4f4d-a605-a1a296d8c7d8,5a139a3c-0684-48d3-a0bc-30a03efe4d18
e28e51d3-1b52-45d1-bd12-0b5494be7f45,46a5b91d-806f-4f32-8178-04138b5fda40
1d4f9a15-dde3-4f4d-a605-a1a296d8c7d8,46a5b91d-806f-4f32-8178-04138b5fda40
e28e51d3-1b52-45d1-bd12-0b5494be7f45,4328906c-ea95-4cf9-a343-54146e201866
1d4f9a15-dde3-4f4d-a605-a1a296d8c7d8,4328906c-ea95-4cf9-a343-54146e201866
e28e51d3-1b52-45d1-bd12-0b5494be7f45,542e1046-5d46-4c71-a8d1-7e3fda04c022
1d4f9a15-dde3-4f4d-a605-a1a296d8c7d8,542e1046-5d46-4c71-a8d1-7e3fda04c022
e28e51d3-1b52-45d1-bd12-0b5494be7f45,ee089357-74fe-4b83-8567-1327f45d5fe3
1d4f9a15-dde3-4f4d-a605-a1a296d8c7d8,ee089357-74fe-4b83-8567-1327f45d5fe3
e28e51d3-1b52-45d1-bd12-0b5494be7f45,f46d00f5-1329-44f4-aa3f-a196826d01da
1d4f9a15-dde3-4f4d-a605-a1a296d8c7d8,f46d00f5-1329-44f4-aa3f-a196826d01da
