tissue_uuid,folder_uuid
2dabb04e-6a38-42dc-a714-d4cddbfe6784,ed76fcad-fc4d-412a-b4df-e4031e3ef735
7a4f0ffc-3cd1-457a-8b22-ddb62badc75f,ed76fcad-fc4d-412a-b4df-e4031e3ef735
2e46a8b6-35c6-4f5e-b692-2acbbec4fee9,b6a686a5-29d2-4cb0-b9f1-fb2a551a9539
7a4f0ffc-3cd1-457a-8b22-ddb62badc75f,4dd353e7-f035-460b-80f3-2bb5456b6872
b2b69db6-bf0b-4be1-b77c-9439a47e2de9,738dfdd1-c9d4-488e-aa5e-383110c4266e
2dabb04e-6a38-42dc-a714-d4cddbfe6784,04e6a57c-62bc-459a-b272-6a41a5e60a37
2dabb04e-6a38-42dc-a714-d4cddbfe6784,d22ddf78-4f6f-466a-a09a-55f1c4a6ffda
7a4f0ffc-3cd1-457a-8b22-ddb62badc75f,d22ddf78-4f6f-466a-a09a-55f1c4a6ffda
2dabb04e-6a38-42dc-a714-d4cddbfe6784,c5606447-6c6b-4e90-89ec-92a714aa8405
4410e564-570c-4d6b-9ada-ef1bc7b79eff,c653c9ab-3b30-4e85-979c-8c3bfe7833fb
367856c1-38f3-4780-b424-2088a18b03c1,e9877932-7379-46c0-9d47-ce6802e0bb8a
367856c1-38f3-4780-b424-2088a18b03c1,7dae23ea-fb6b-4d1e-a7d9-06eda794dc1c
4410e564-570c-4d6b-9ada-ef1bc7b79eff,6cceb556-2200-4b46-81cc-0feb378386e0
4410e564-570c-4d6b-9ada-ef1bc7b79eff,43a327dd-f046-4869-92a6-5504763b8ade
2dabb04e-6a38-42dc-a714-d4cddbfe6784,e4b39961-cfda-4e34-94d9-c55c709ea2a5
7a4f0ffc-3cd1-457a-8b22-ddb62badc75f,25113031-6775-4e7c-988f-860a0979d432
7a4f0ffc-3cd1-457a-8b22-ddb62badc75f,4c0791ef-965e-4cbe-8589-faf35f96e450
639c4769-623e-4bc9-a346-c40a0bb8dfe4,3d0358ee-eb40-4ace-8745-a9b96f127600
367856c1-38f3-4780-b424-2088a18b03c1,9fb630b8-5ab0-4180-adeb-aaa4877e06c8
40d8746e-5d40-49ed-be3e-2a7eadcbd013,9fb630b8-5ab0-4180-adeb-aaa4877e06c8
cb0244a5-796b-4874-8ee5-0dc5cad52cf2,9fb630b8-5ab0-4180-adeb-aaa4877e06c8
639c4769-623e-4bc9-a346-c40a0bb8dfe4,9fb630b8-5ab0-4180-adeb-aaa4877e06c8
4410e564-570c-4d6b-9ada-ef1bc7b79eff,9fb630b8-5ab0-4180-adeb-aaa4877e06c8
2dabb04e-6a38-42dc-a714-d4cddbfe6784,28b3e1ba-d635-49c7-be66-3a85683b9ef9
2e46a8b6-35c6-4f5e-b692-2acbbec4fee9,81efefd8-ecc8-4282-8cd2-8c0b355bc971
2dabb04e-6a38-42dc-a714-d4cddbfe6784,be9f0f17-b24c-4c5d-beae-aed9452e588a
367856c1-38f3-4780-b424-2088a18b03c1,2ffd5ba9-828e-4560-9d0b-f2111159733f
2e46a8b6-35c6-4f5e-b692-2acbbec4fee9,c3e9c834-7ab3-435e-8ff1-8e299aa6ecf7
2dabb04e-6a38-42dc-a714-d4cddbfe6784,c3e9c834-7ab3-435e-8ff1-8e299aa6ecf7
2dabb04e-6a38-42dc-a714-d4cddbfe6784,ce8c729e-598a-460a-ae63-5cc746eddd6b
4410e564-570c-4d6b-9ada-ef1bc7b79eff,79fa8b17-ac2c-4856-9dc0-48cdb3e8586f
367856c1-38f3-4780-b424-2088a18b03c1,fa12e62b-cb3e-420a-91fa-a8a01272dbae
cb0244a5-796b-4874-8ee5-0dc5cad52cf2,fa12e62b-cb3e-420a-91fa-a8a01272dbae
7a4b1699-cb18-4d4f-84bf-9b3853547ce5,379ed4a8-941b-463a-b543-31b9e907814c
367856c1-38f3-4780-b424-2088a18b03c1,379ed4a8-941b-463a-b543-31b9e907814c
2e46a8b6-35c6-4f5e-b692-2acbbec4fee9,c02eae7d-564b-4a22-a5a1-6b3faac353f5
4410e564-570c-4d6b-9ada-ef1bc7b79eff,3500c076-2194-48fb-9100-ad888713e07d
5283542c-1487-4d2b-ad55-56f27bbd375a,058c439d-51b0-448f-b3cb-b8685b1dfd34
2dabb04e-6a38-42dc-a714-d4cddbfe6784,058c439d-51b0-448f-b3cb-b8685b1dfd34
367856c1-38f3-4780-b424-2088a18b03c1,aae7e84a-5f5f-4acb-8936-ab7128bd1ad8
2e46a8b6-35c6-4f5e-b692-2acbbec4fee9,aae7e84a-5f5f-4acb-8936-ab7128bd1ad8
2dabb04e-6a38-42dc-a714-d4cddbfe6784,010fe5fb-7de2-4bc0-8f63-0214508fe116
2dabb04e-6a38-42dc-a714-d4cddbfe6784,16cefcff-942a-4574-a032-bb569871e317
7a4f0ffc-3cd1-457a-8b22-ddb62badc75f,16cefcff-942a-4574-a032-bb569871e317
2e46a8b6-35c6-4f5e-b692-2acbbec4fee9,5a139a3c-0684-48d3-a0bc-30a03efe4d18
e033ed27-c4bb-4830-a6dc-f08b529f623a,6004a836-8ab4-4b98-a529-03d1d1a654df
2dabb04e-6a38-42dc-a714-d4cddbfe6784,fddea788-9198-4194-9fe2-c76de0fecbbf
367856c1-38f3-4780-b424-2088a18b03c1,4f9af198-88aa-4b42-8368-988dd74672d9
2e46a8b6-35c6-4f5e-b692-2acbbec4fee9,4f9af198-88aa-4b42-8368-988dd74672d9
4410e564-570c-4d6b-9ada-ef1bc7b79eff,56d3973d-b9e6-4538-a1a1-afe048144124
367856c1-38f3-4780-b424-2088a18b03c1,49d02cfc-7c33-4a62-a72b-b0398f2a2bd6
2e46a8b6-35c6-4f5e-b692-2acbbec4fee9,49d02cfc-7c33-4a62-a72b-b0398f2a2bd6
2e46a8b6-35c6-4f5e-b692-2acbbec4fee9,da2a8266-0724-4297-99cf-b9d440833f83
367856c1-38f3-4780-b424-2088a18b03c1,599cc87d-585e-4e49-bc77-d5ba6cef0a13
2e46a8b6-35c6-4f5e-b692-2acbbec4fee9,599cc87d-585e-4e49-bc77-d5ba6cef0a13
4410e564-570c-4d6b-9ada-ef1bc7b79eff,6aabea7a-dd06-4012-8afe-e8467e9aff74
2dabb04e-6a38-42dc-a714-d4cddbfe6784,47ad283e-3350-41e0-afb2-720fe4b83332
7a4f0ffc-3cd1-457a-8b22-ddb62badc75f,47ad283e-3350-41e0-afb2-720fe4b83332
367856c1-38f3-4780-b424-2088a18b03c1,6ea58f2c-9199-4a1d-8ff5-42e862298716
2dabb04e-6a38-42dc-a714-d4cddbfe6784,0a494aab-4b27-4888-b73a-e4589f486bb9
4410e564-570c-4d6b-9ada-ef1bc7b79eff,dfcdac26-b3b7-423e-a59c-d18fcf6dbe38
2dabb04e-6a38-42dc-a714-d4cddbfe6784,7830a853-e465-4019-8073-e269f7f29a84
54c5f08a-8f9a-4480-825c-a5443d3b3d7e,7830a853-e465-4019-8073-e269f7f29a84
7a4f0ffc-3cd1-457a-8b22-ddb62badc75f,7830a853-e465-4019-8073-e269f7f29a84
2dabb04e-6a38-42dc-a714-d4cddbfe6784,38959d82-97b3-486f-a840-bf3cb35824ac
367856c1-38f3-4780-b424-2088a18b03c1,8f885ae5-3fd1-4ba5-bc88-8bef4e3b84a7
2dabb04e-6a38-42dc-a714-d4cddbfe6784,301ac78c-854a-444a-959d-eda1582b8e7b
2e46a8b6-35c6-4f5e-b692-2acbbec4fee9,46a5b91d-806f-4f32-8178-04138b5fda40
2dabb04e-6a38-42dc-a714-d4cddbfe6784,018f71e1-7bc3-4486-95a7-d76b96cb7cfd
367856c1-38f3-4780-b424-2088a18b03c1,206b649e-6a3a-4074-b5e7-9ad7049d7c99
2dabb04e-6a38-42dc-a714-d4cddbfe6784,ec59c388-5457-477b-9b3d-7f1652890caa
7a4f0ffc-3cd1-457a-8b22-ddb62badc75f,ec59c388-5457-477b-9b3d-7f1652890caa
367856c1-38f3-4780-b424-2088a18b03c1,7dd1778f-f7e2-4521-abcf-2c5e0b67b142
2e46a8b6-35c6-4f5e-b692-2acbbec4fee9,7dd1778f-f7e2-4521-abcf-2c5e0b67b142
cb0244a5-796b-4874-8ee5-0dc5cad52cf2,044d588d-af33-4662-a502-43c1858ffce0
639c4769-623e-4bc9-a346-c40a0bb8dfe4,044d588d-af33-4662-a502-43c1858ffce0
2e46a8b6-35c6-4f5e-b692-2acbbec4fee9,611243b6-cac6-42e7-a3bc-3deca0db086d
367856c1-38f3-4780-b424-2088a18b03c1,fe2e7a51-3a08-4019-a99d-0271c75fc5be
2dabb04e-6a38-42dc-a714-d4cddbfe6784,e9cea4bd-5130-4f8f-8aaa-d932af17d6ae
54c5f08a-8f9a-4480-825c-a5443d3b3d7e,3b3a5f77-2fff-4247-b5dc-2722ea83e6ee
2e46a8b6-35c6-4f5e-b692-2acbbec4fee9,4328906c-ea95-4cf9-a343-54146e201866
367856c1-38f3-4780-b424-2088a18b03c1,268eda04-2e01-4e70-b8f0-7a9cd4326677
2e46a8b6-35c6-4f5e-b692-2acbbec4fee9,268eda04-2e01-4e70-b8f0-7a9cd4326677
367856c1-38f3-4780-b424-2088a18b03c1,44d31f5c-58b5-405d-b185-9668f29459bb
2dabb04e-6a38-42dc-a714-d4cddbfe6784,408c8859-783b-4158-aea1-7323105174d7
2e46a8b6-35c6-4f5e-b692-2acbbec4fee9,9648675d-1712-436f-b12a-1d27f5aaf946
e033ed27-c4bb-4830-a6dc-f08b529f623a,9725004a-4b57-4a20-98ed-48d4761f948b
4410e564-570c-4d6b-9ada-ef1bc7b79eff,ae30de43-a947-4b19-9945-3587739fcea1
2e46a8b6-35c6-4f5e-b692-2acbbec4fee9,65e2b0c4-e7e5-43b5-9a01-73dbed5cedb1
d0fce4e8-9e97-4eb3-a368-3493d8aa5abd,07010820-e31d-47e7-8dec-576ff9172fb8
4410e564-570c-4d6b-9ada-ef1bc7b79eff,07010820-e31d-47e7-8dec-576ff9172fb8
2e46a8b6-35c6-4f5e-b692-2acbbec4fee9,ee3f0fcb-ba71-4fed-ad47-2ad65897c1ec
d0fce4e8-9e97-4eb3-a368-3493d8aa5abd,b0a9e125-487c-4cef-9d69-5e811cb60592
4410e564-570c-4d6b-9ada-ef1bc7b79eff,b0a9e125-487c-4cef-9d69-5e811cb60592
cb0244a5-796b-4874-8ee5-0dc5cad52cf2,7be5020b-18d8-41bf-b25f-f855173e1823
5283542c-1487-4d2b-ad55-56f27bbd375a,7be5020b-18d8-41bf-b25f-f855173e1823
2dabb04e-6a38-42dc-a714-d4cddbfe6784,eef1cb19-09ac-4305-bd96-ed32b661edba
2e46a8b6-35c6-4f5e-b692-2acbbec4fee9,542e1046-5d46-4c71-a8d1-7e3fda04c022
367856c1-38f3-4780-b424-2088a18b03c1,cc038401-f236-4cbe-ab69-33d0c0a5f832
367856c1-38f3-4780-b424-2088a18b03c1,842e0bf2-ee28-4e8d-9d59-7f3c6f489f89
367856c1-38f3-4780-b424-2088a18b03c1,4cdf9018-13c9-4ad1-8948-fc2bccdf4094
2dabb04e-6a38-42dc-a714-d4cddbfe6784,0cb1b460-bef7-462b-bfa4-02c2dca54805
367856c1-38f3-4780-b424-2088a18b03c1,b3743164-7c80-4217-8d10-21dc80c2594d
7a4b1699-cb18-4d4f-84bf-9b3853547ce5,47f5fb02-50c8-47c5-aa6d-cfc902d13157
367856c1-38f3-4780-b424-2088a18b03c1,47f5fb02-50c8-47c5-aa6d-cfc902d13157
2dabb04e-6a38-42dc-a714-d4cddbfe6784,949c7032-533e-4faa-a948-3ffb45b6cee3
367856c1-38f3-4780-b424-2088a18b03c1,9262a743-0868-4f17-a07a-b026117be924
2dabb04e-6a38-42dc-a714-d4cddbfe6784,bfa1e1d3-2c29-4f11-82ac-106b66af0fdd
7a4f0ffc-3cd1-457a-8b22-ddb62badc75f,bfa1e1d3-2c29-4f11-82ac-106b66af0fdd
2e46a8b6-35c6-4f5e-b692-2acbbec4fee9,e7860f2d-26a7-4b91-8bb3-c36b3d382052
367856c1-38f3-4780-b424-2088a18b03c1,ca589be0-919a-4936-8b6c-91a9b2807d3a
367856c1-38f3-4780-b424-2088a18b03c1,494af9a6-4b17-4d38-a647-a9d4fdd027bd
e033ed27-c4bb-4830-a6dc-f08b529f623a,efc63dc9-f994-4cb8-a266-89ded6050f1a
367856c1-38f3-4780-b424-2088a18b03c1,108619a1-4c34-4b8d-b525-bb9e2200298a
2dabb04e-6a38-42dc-a714-d4cddbfe6784,70d49e81-2e91-4a48-8eda-1e59a5fe0627
367856c1-38f3-4780-b424-2088a18b03c1,3f02fea8-89c6-4aa6-8895-b4bddd7ac51f
2e46a8b6-35c6-4f5e-b692-2acbbec4fee9,ee089357-74fe-4b83-8567-1327f45d5fe3
2e46a8b6-35c6-4f5e-b692-2acbbec4fee9,774b915c-0a6b-4036-b6e3-c6fc1942b110
e033ed27-c4bb-4830-a6dc-f08b529f623a,e0efa408-6d0a-4c90-ae39-d0f473b5c990
2e46a8b6-35c6-4f5e-b692-2acbbec4fee9,f46d00f5-1329-44f4-aa3f-a196826d01da
367856c1-38f3-4780-b424-2088a18b03c1,56845593-e0ec-41ea-9c66-359e6240222d
639c4769-623e-4bc9-a346-c40a0bb8dfe4,2a7ada53-392d-4676-a611-04cb07482eb1
d0fce4e8-9e97-4eb3-a368-3493d8aa5abd,019a2c4d-4082-4f12-9abb-e3c1be8ba5a2
4410e564-570c-4d6b-9ada-ef1bc7b79eff,019a2c4d-4082-4f12-9abb-e3c1be8ba5a2
