tissue_name,tissue_id_bto,tissue_id_uberon,tissue_uuid
Cord Blood,BTO_0004053,UBERON_0012168,7a4b1699-cb18-4d4f-84bf-9b3853547ce5
Blood,BTO_0000089,UBERON_0000178,367856c1-38f3-4780-b424-2088a18b03c1
Skeletal Muscle,BTO_0001103,UBERON_0001134,40d8746e-5d40-49ed-be3e-2a7eadcbd013
Heart,BTO_0000562,UBERON_0000948,cb0244a5-796b-4874-8ee5-0dc5cad52cf2
Kidney,BTO_0000671,UBERON_0002113,639c4769-623e-4bc9-a346-c40a0bb8dfe4
Saliva,BTO_0001202,UBERON_0001836,2e46a8b6-35c6-4f5e-b692-2acbbec4fee9
Spleen,BTO_0001281,UBERON_0002106,5283542c-1487-4d2b-ad55-56f27bbd375a
Colon,TO_0000269,UBERON_0001155,2dabb04e-6a38-42dc-a714-d4cddbfe6784
Organoid,,,54c5f08a-8f9a-4480-825c-a5443d3b3d7e
Brain Organoid,,,d0fce4e8-9e97-4eb3-a368-3493d8aa5abd
Brain,BTO_0000142,UBERON_0000955,4410e564-570c-4d6b-9ada-ef1bc7b79eff
Esophagus,BTO_0000959,UBERON_0001043,e033ed27-c4bb-4830-a6dc-f08b529f623a
Intestine,BTO_0000648,UBERON_0000160,7a4f0ffc-3cd1-457a-8b22-ddb62badc75f
Aorta,BTO_0000135,UBERON_0000947,b2b69db6-bf0b-4be1-b77c-9439a47e2de9
,,UBERON_0001264,3f240ff7-4431-457a-b09d-026fd1832232
,,UBERON_0000027,bb435749-7eaf-44b5-9e39-6b95d20ee0d1
,,UBERON_0007795,eedd9048-c5f4-4f5b-a1f4-75c00beb92a1
,,UBERON_0000175,c9d039e6-77e2-4114-ae36-e92540c72160
