treatment_uuid,folder_uuid
0da8df63-6eaa-4603-b933-7d4cb7bfb25e,6b50fb13-112a-41b9-9096-bd3ad1cd6dae
8249ba94-7536-4cec-b256-ef916bdf52cb,5bdc8f9f-cb8f-43d3-b39a-d79625feb780
68544d28-c05f-47e4-aae9-75ae9e83df2f,5bdc8f9f-cb8f-43d3-b39a-d79625feb780
b2282b20-dd72-458c-9b74-bf5810234337,5bdc8f9f-cb8f-43d3-b39a-d79625feb780
a5d0fc35-71f9-4fed-bbe7-448bb96f7e33,285dd72a-60e8-4bc8-b492-80ee038a55c9
0da8df63-6eaa-4603-b933-7d4cb7bfb25e,a7f87274-01b1-49cb-a4b6-92dc347c8ca8
8249ba94-7536-4cec-b256-ef916bdf52cb,20b9f5dd-97b0-40f3-98d7-ec6ca171f1ab
68544d28-c05f-47e4-aae9-75ae9e83df2f,20b9f5dd-97b0-40f3-98d7-ec6ca171f1ab
861917bf-9172-4ec0-9785-d17be4c95810,20b9f5dd-97b0-40f3-98d7-ec6ca171f1ab
8249ba94-7536-4cec-b256-ef916bdf52cb,adaf380a-2d17-43f2-98fd-4a16fc3b7f26
02cde911-91b1-41e6-8019-2eca7d88eedd,adaf380a-2d17-43f2-98fd-4a16fc3b7f26
30966b1f-8f84-469f-aab1-302f38cc6ed4,0313e045-df52-40aa-aef6-cf7dfcb267d0
8249ba94-7536-4cec-b256-ef916bdf52cb,847a3158-9fa1-43cd-b996-2693fd32292f
a35a49c8-c2b1-4fdf-99b9-fe7628e51fae,847a3158-9fa1-43cd-b996-2693fd32292f
c5274fe1-de2e-4dd7-b280-2cdcf45978f5,847a3158-9fa1-43cd-b996-2693fd32292f
8bffe09c-3492-499e-add5-33855cab7933,847a3158-9fa1-43cd-b996-2693fd32292f
c5274fe1-de2e-4dd7-b280-2cdcf45978f5,79e4f7e6-d0be-4cfe-9d03-f25f633b9e26
a5d0fc35-71f9-4fed-bbe7-448bb96f7e33,340364d6-ebe2-418f-94fa-1c330720cd80
4a7e38f6-48bd-495e-90c6-811e062181cc,32c9e758-5882-4dca-94f4-338bb57c3c46
