treatment_name,treatment_uuid,treatment_symbol
Control: Dimethyl Sulfoxide (DMSO),8249ba94-7536-4cec-b256-ef916bdf52cb,DMSO
Decitabine (DAC),68544d28-c05f-47e4-aae9-75ae9e83df2f,DAC
(THZ1),861917bf-9172-4ec0-9785-d17be4c95810,THZ1
(BSJ),b2282b20-dd72-458c-9b74-bf5810234337,BSJ
(BSJ4),02cde911-91b1-41e6-8019-2eca7d88eedd,BSJ4
Proteolysis Targeting Chimera (PROTAC),a35a49c8-c2b1-4fdf-99b9-fe7628e51fae,PROTAC
Olaparib,c5274fe1-de2e-4dd7-b280-2cdcf45978f5,
Gilterinib,0da8df63-6eaa-4603-b933-7d4cb7bfb25e,
5-Azacytidine (5-aza),8bffe09c-3492-499e-add5-33855cab7933,5-aza
AZD-7648 DNA-PK inhibitor (AZD),4a7e38f6-48bd-495e-90c6-811e062181cc,AZD
Brain-Derived Neurotrophic Factor (BDNF),a5d0fc35-71f9-4fed-bbe7-448bb96f7e33,BDNF
C10orf125 Polyclonal Antibody,30966b1f-8f84-469f-aab1-302f38cc6ed4,
