experiment_uuid,folder_uuid
c402f2f8-df0a-471a-b816-2abd6de07f9e,7c0a3f92-7d6f-4e6b-a20d-3ac51fbf962a
a6510a57-e69d-4e28-a458-51bb8eb77886,7c0a3f92-7d6f-4e6b-a20d-3ac51fbf962a
22273a01-d994-4a50-8883-5fccc27a4d2c,7c0a3f92-7d6f-4e6b-a20d-3ac51fbf962a
c402f2f8-df0a-471a-b816-2abd6de07f9e,3d4385db-351e-4047-b307-97f1911c1115
bcda6a6b-632d-4bef-ae0a-2f3a75c7d662,caff7979-1817-471c-aa07-f43c4363f21b
c402f2f8-df0a-471a-b816-2abd6de07f9e,caff7979-1817-471c-aa07-f43c4363f21b
c402f2f8-df0a-471a-b816-2abd6de07f9e,42bd9bef-9556-40e0-86cb-cf32d8d8fa44
c2fbf53b-a8c8-4e0f-b9fa-f9275c6ce601,42bd9bef-9556-40e0-86cb-cf32d8d8fa44
c402f2f8-df0a-471a-b816-2abd6de07f9e,11c594c2-b76f-4f1b-81c8-114168235dbb
22273a01-d994-4a50-8883-5fccc27a4d2c,11c594c2-b76f-4f1b-81c8-114168235dbb
bcda6a6b-632d-4bef-ae0a-2f3a75c7d662,948435c3-1f66-47b3-b99f-8ed505329304
c402f2f8-df0a-471a-b816-2abd6de07f9e,948435c3-1f66-47b3-b99f-8ed505329304
bcda6a6b-632d-4bef-ae0a-2f3a75c7d662,78e72b7f-ad09-456d-baf6-854ca75b2ba9
c402f2f8-df0a-471a-b816-2abd6de07f9e,78e72b7f-ad09-456d-baf6-854ca75b2ba9
bcda6a6b-632d-4bef-ae0a-2f3a75c7d662,d3ba7f42-eaf8-4181-bc11-5f3c09807890
c402f2f8-df0a-471a-b816-2abd6de07f9e,d3ba7f42-eaf8-4181-bc11-5f3c09807890
c402f2f8-df0a-471a-b816-2abd6de07f9e,9b608f1d-a99a-46d9-b58f-ff13edbb9d80
e73699c3-c475-4f85-a416-de226009e45b,9b608f1d-a99a-46d9-b58f-ff13edbb9d80
bcda6a6b-632d-4bef-ae0a-2f3a75c7d662,e724f426-5bec-477d-8594-d70cd79711cc
c402f2f8-df0a-471a-b816-2abd6de07f9e,e724f426-5bec-477d-8594-d70cd79711cc
c402f2f8-df0a-471a-b816-2abd6de07f9e,869c62fe-4224-4896-af80-eb72a91cb7c4
22273a01-d994-4a50-8883-5fccc27a4d2c,869c62fe-4224-4896-af80-eb72a91cb7c4
c402f2f8-df0a-471a-b816-2abd6de07f9e,0109750c-cecc-4e4f-b2d2-57a327a7586a
c2fbf53b-a8c8-4e0f-b9fa-f9275c6ce601,0109750c-cecc-4e4f-b2d2-57a327a7586a
c402f2f8-df0a-471a-b816-2abd6de07f9e,c56c1a97-3ca0-457e-a606-f32b0e767e7b
22273a01-d994-4a50-8883-5fccc27a4d2c,c56c1a97-3ca0-457e-a606-f32b0e767e7b
c402f2f8-df0a-471a-b816-2abd6de07f9e,b8d5abf2-2853-4e3d-8472-0221d88e9bbe
22273a01-d994-4a50-8883-5fccc27a4d2c,b8d5abf2-2853-4e3d-8472-0221d88e9bbe
bcda6a6b-632d-4bef-ae0a-2f3a75c7d662,e759478f-65f2-4d20-b2af-f97df37e7624
c402f2f8-df0a-471a-b816-2abd6de07f9e,e759478f-65f2-4d20-b2af-f97df37e7624
c402f2f8-df0a-471a-b816-2abd6de07f9e,43f592b3-996e-496e-852b-839e64638950
2b4fa3d3-6dec-4bb4-bcb4-8a5d222a38d5,43f592b3-996e-496e-852b-839e64638950
9c5853c6-cece-43dd-8915-14e92b76f2fa,43f592b3-996e-496e-852b-839e64638950
bcda6a6b-632d-4bef-ae0a-2f3a75c7d662,3218383b-88b6-4be5-864f-70ad3f3c5805
c402f2f8-df0a-471a-b816-2abd6de07f9e,3218383b-88b6-4be5-864f-70ad3f3c5805
c402f2f8-df0a-471a-b816-2abd6de07f9e,f181edcd-047f-47f2-b6fb-efa7dcc3795f
22273a01-d994-4a50-8883-5fccc27a4d2c,f181edcd-047f-47f2-b6fb-efa7dcc3795f
c402f2f8-df0a-471a-b816-2abd6de07f9e,fecb3fb3-14b3-40b6-87df-c9756192f760
bcda6a6b-632d-4bef-ae0a-2f3a75c7d662,720a24eb-87a9-4e17-b085-caf443c372f2
c402f2f8-df0a-471a-b816-2abd6de07f9e,720a24eb-87a9-4e17-b085-caf443c372f2
c402f2f8-df0a-471a-b816-2abd6de07f9e,9afcbb89-7dc8-4034-9631-e839953db4bd
c402f2f8-df0a-471a-b816-2abd6de07f9e,76b15dfd-2f03-4dc0-b61b-d1e862caf47b
22273a01-d994-4a50-8883-5fccc27a4d2c,76b15dfd-2f03-4dc0-b61b-d1e862caf47b
c402f2f8-df0a-471a-b816-2abd6de07f9e,169a3b51-4909-4ef6-9811-34ed617cddea
c2fbf53b-a8c8-4e0f-b9fa-f9275c6ce601,169a3b51-4909-4ef6-9811-34ed617cddea
bcda6a6b-632d-4bef-ae0a-2f3a75c7d662,9b85e7ee-a34d-4f58-b923-ee60670c1a57
c402f2f8-df0a-471a-b816-2abd6de07f9e,9b85e7ee-a34d-4f58-b923-ee60670c1a57
4ac269ed-2430-4fa1-ab27-428cdf82d493,9b85e7ee-a34d-4f58-b923-ee60670c1a57
bcda6a6b-632d-4bef-ae0a-2f3a75c7d662,4e5de8b9-b1de-42a3-ad1a-a59cd4d835c2
c402f2f8-df0a-471a-b816-2abd6de07f9e,4e5de8b9-b1de-42a3-ad1a-a59cd4d835c2
4ac269ed-2430-4fa1-ab27-428cdf82d493,4e5de8b9-b1de-42a3-ad1a-a59cd4d835c2
bcda6a6b-632d-4bef-ae0a-2f3a75c7d662,c6dc6d6b-f088-4a43-b08b-8ce5644d7598
c402f2f8-df0a-471a-b816-2abd6de07f9e,c6dc6d6b-f088-4a43-b08b-8ce5644d7598
c402f2f8-df0a-471a-b816-2abd6de07f9e,e4ef109b-605b-4573-afb3-0f9763b349ee
c2fbf53b-a8c8-4e0f-b9fa-f9275c6ce601,e4ef109b-605b-4573-afb3-0f9763b349ee
c402f2f8-df0a-471a-b816-2abd6de07f9e,8d456602-3fd2-4fef-958f-b98f9c37a5f6
c2fbf53b-a8c8-4e0f-b9fa-f9275c6ce601,8d456602-3fd2-4fef-958f-b98f9c37a5f6
c402f2f8-df0a-471a-b816-2abd6de07f9e,93ede2d5-cca5-47c4-9120-050f24d90762
2b4fa3d3-6dec-4bb4-bcb4-8a5d222a38d5,93ede2d5-cca5-47c4-9120-050f24d90762
bcda6a6b-632d-4bef-ae0a-2f3a75c7d662,e31b4613-7124-4d00-b5d8-5388cd3020d4
c402f2f8-df0a-471a-b816-2abd6de07f9e,e31b4613-7124-4d00-b5d8-5388cd3020d4
bcda6a6b-632d-4bef-ae0a-2f3a75c7d662,03ec0913-23fd-479a-86a9-bf6a7b7dadee
c402f2f8-df0a-471a-b816-2abd6de07f9e,03ec0913-23fd-479a-86a9-bf6a7b7dadee
afc9214e-79ae-4a13-850e-fe82708ec451,18355b8d-49c3-4a48-8f0d-7224b19165d8
c402f2f8-df0a-471a-b816-2abd6de07f9e,18355b8d-49c3-4a48-8f0d-7224b19165d8
c402f2f8-df0a-471a-b816-2abd6de07f9e,8bee03b5-1d0a-4ba5-80ff-35d05d29650f
22273a01-d994-4a50-8883-5fccc27a4d2c,8bee03b5-1d0a-4ba5-80ff-35d05d29650f
c402f2f8-df0a-471a-b816-2abd6de07f9e,ce89e4e1-273d-477e-9ee1-0d71d217b3f7
c2fbf53b-a8c8-4e0f-b9fa-f9275c6ce601,ce89e4e1-273d-477e-9ee1-0d71d217b3f7
c402f2f8-df0a-471a-b816-2abd6de07f9e,5853c90a-a4ee-45f4-b98f-15850df9cade
c2fbf53b-a8c8-4e0f-b9fa-f9275c6ce601,5853c90a-a4ee-45f4-b98f-15850df9cade
c402f2f8-df0a-471a-b816-2abd6de07f9e,7c255596-90a6-4f76-b926-f64ec176733a
22273a01-d994-4a50-8883-5fccc27a4d2c,7c255596-90a6-4f76-b926-f64ec176733a
c402f2f8-df0a-471a-b816-2abd6de07f9e,90e0e4de-aa69-4830-8b17-32726bd5e26a
22273a01-d994-4a50-8883-5fccc27a4d2c,90e0e4de-aa69-4830-8b17-32726bd5e26a
c402f2f8-df0a-471a-b816-2abd6de07f9e,690e1234-1340-44ef-96e6-04b0b5758621
afc9214e-79ae-4a13-850e-fe82708ec451,331398a3-8c2e-4444-ab09-cafb3cf20928
c402f2f8-df0a-471a-b816-2abd6de07f9e,331398a3-8c2e-4444-ab09-cafb3cf20928
c402f2f8-df0a-471a-b816-2abd6de07f9e,9870987d-18ca-46e7-8c22-0aafe9773e72
22273a01-d994-4a50-8883-5fccc27a4d2c,9870987d-18ca-46e7-8c22-0aafe9773e72
c402f2f8-df0a-471a-b816-2abd6de07f9e,97b32e5e-9133-44de-84fe-998a0c3cf755
c2fbf53b-a8c8-4e0f-b9fa-f9275c6ce601,97b32e5e-9133-44de-84fe-998a0c3cf755
bcda6a6b-632d-4bef-ae0a-2f3a75c7d662,a41e5944-81ff-45d3-8892-c528ec900cf4
c402f2f8-df0a-471a-b816-2abd6de07f9e,a41e5944-81ff-45d3-8892-c528ec900cf4
c402f2f8-df0a-471a-b816-2abd6de07f9e,f0961688-8ad8-40b6-acf0-841fd001ed70
22273a01-d994-4a50-8883-5fccc27a4d2c,f0961688-8ad8-40b6-acf0-841fd001ed70
c402f2f8-df0a-471a-b816-2abd6de07f9e,fa1ed267-ec6e-41e6-8e1a-651302857021
d6814d81-0dff-4e0d-91da-216bba12fb5e,fa1ed267-ec6e-41e6-8e1a-651302857021
c402f2f8-df0a-471a-b816-2abd6de07f9e,a0cdedc7-bbca-492d-a5f5-c00ac10115b7
c2fbf53b-a8c8-4e0f-b9fa-f9275c6ce601,a0cdedc7-bbca-492d-a5f5-c00ac10115b7
c402f2f8-df0a-471a-b816-2abd6de07f9e,71a4dc31-9761-4dea-904e-4d59366b6a4a
c402f2f8-df0a-471a-b816-2abd6de07f9e,5b86fb83-752e-4cd5-93d2-776f0ba4bab1
22273a01-d994-4a50-8883-5fccc27a4d2c,5b86fb83-752e-4cd5-93d2-776f0ba4bab1
c402f2f8-df0a-471a-b816-2abd6de07f9e,96163745-96de-4d0d-8cf5-e3acf8cfac24
96b774fc-fd80-4c3e-95e5-608033747d5f,96163745-96de-4d0d-8cf5-e3acf8cfac24
c402f2f8-df0a-471a-b816-2abd6de07f9e,e1e817a3-ac82-4046-a8c8-4b7d5dd900ea
2e9991aa-308d-48c8-9c47-008eed87d640,e1e817a3-ac82-4046-a8c8-4b7d5dd900ea
9c5853c6-cece-43dd-8915-14e92b76f2fa,e1e817a3-ac82-4046-a8c8-4b7d5dd900ea
c402f2f8-df0a-471a-b816-2abd6de07f9e,9f33df86-df1a-4251-95a6-a972220f66d3
c402f2f8-df0a-471a-b816-2abd6de07f9e,ed97843b-ad4e-4d54-9326-881f6e1eaa2a
c2fbf53b-a8c8-4e0f-b9fa-f9275c6ce601,ed97843b-ad4e-4d54-9326-881f6e1eaa2a
c402f2f8-df0a-471a-b816-2abd6de07f9e,e524c35a-e429-4ee2-b0af-30f41df0cc9e
9c5853c6-cece-43dd-8915-14e92b76f2fa,e524c35a-e429-4ee2-b0af-30f41df0cc9e
c402f2f8-df0a-471a-b816-2abd6de07f9e,91c5e347-a520-4e6e-a9df-91c623e62993
22273a01-d994-4a50-8883-5fccc27a4d2c,91c5e347-a520-4e6e-a9df-91c623e62993
e17e742b-8aea-44e7-87e3-4fb0133a4322,44e61b87-6e44-4362-96ae-15ae954a3e59
c402f2f8-df0a-471a-b816-2abd6de07f9e,44e61b87-6e44-4362-96ae-15ae954a3e59
bcda6a6b-632d-4bef-ae0a-2f3a75c7d662,2f948e29-cf41-4182-bd6b-496e14ab0372
c402f2f8-df0a-471a-b816-2abd6de07f9e,2f948e29-cf41-4182-bd6b-496e14ab0372
bcda6a6b-632d-4bef-ae0a-2f3a75c7d662,27682f6e-f7c6-4b8e-92b7-3b17cc332751
c402f2f8-df0a-471a-b816-2abd6de07f9e,27682f6e-f7c6-4b8e-92b7-3b17cc332751
c402f2f8-df0a-471a-b816-2abd6de07f9e,f7001173-3ef6-478d-affd-6fa217c9c2e0
22273a01-d994-4a50-8883-5fccc27a4d2c,f7001173-3ef6-478d-affd-6fa217c9c2e0
c402f2f8-df0a-471a-b816-2abd6de07f9e,1ef2a602-0dfb-44ce-8e5f-a974c666ee9d
22273a01-d994-4a50-8883-5fccc27a4d2c,1ef2a602-0dfb-44ce-8e5f-a974c666ee9d
bcda6a6b-632d-4bef-ae0a-2f3a75c7d662,7e9bd7d6-12c2-4418-931a-59c5901dd06a
c402f2f8-df0a-471a-b816-2abd6de07f9e,7e9bd7d6-12c2-4418-931a-59c5901dd06a
bcda6a6b-632d-4bef-ae0a-2f3a75c7d662,da03df61-ecfb-4e65-9906-f47fa8a6ddb0
c402f2f8-df0a-471a-b816-2abd6de07f9e,da03df61-ecfb-4e65-9906-f47fa8a6ddb0
c402f2f8-df0a-471a-b816-2abd6de07f9e,2864e61c-c62a-4394-872d-a3c146894493
22273a01-d994-4a50-8883-5fccc27a4d2c,2864e61c-c62a-4394-872d-a3c146894493
c402f2f8-df0a-471a-b816-2abd6de07f9e,f30b9daa-3ddc-49d9-9267-53c4dd7afec4
c402f2f8-df0a-471a-b816-2abd6de07f9e,4806258f-a2fd-41c0-b203-e62e93fd850f
c2fbf53b-a8c8-4e0f-b9fa-f9275c6ce601,4806258f-a2fd-41c0-b203-e62e93fd850f
c402f2f8-df0a-471a-b816-2abd6de07f9e,a80d4cf8-991f-4819-9cda-a6b6c93387d1
9c5853c6-cece-43dd-8915-14e92b76f2fa,a80d4cf8-991f-4819-9cda-a6b6c93387d1
c402f2f8-df0a-471a-b816-2abd6de07f9e,aae4d5d9-6a4e-440e-b6f6-74ee93b7304b
c2fbf53b-a8c8-4e0f-b9fa-f9275c6ce601,aae4d5d9-6a4e-440e-b6f6-74ee93b7304b
c402f2f8-df0a-471a-b816-2abd6de07f9e,fc16d6fe-8e44-49e9-9d63-d0bb72ef9ca7
96b774fc-fd80-4c3e-95e5-608033747d5f,fc16d6fe-8e44-49e9-9d63-d0bb72ef9ca7
c402f2f8-df0a-471a-b816-2abd6de07f9e,e4ba51f0-6462-4725-9e8a-6e52ab616008
c2fbf53b-a8c8-4e0f-b9fa-f9275c6ce601,e4ba51f0-6462-4725-9e8a-6e52ab616008
c402f2f8-df0a-471a-b816-2abd6de07f9e,af22f794-ca19-4009-9e5f-9c3c0aee82d8
c2fbf53b-a8c8-4e0f-b9fa-f9275c6ce601,af22f794-ca19-4009-9e5f-9c3c0aee82d8
064b553b-4b29-42f6-819a-7bf1fa9bc931,ae9dcb8a-1ee6-4659-ab59-51f7fdc49c4e
c402f2f8-df0a-471a-b816-2abd6de07f9e,ae9dcb8a-1ee6-4659-ab59-51f7fdc49c4e
c402f2f8-df0a-471a-b816-2abd6de07f9e,3ceedd79-399c-43e7-a4d8-0100336b7eb9
c402f2f8-df0a-471a-b816-2abd6de07f9e,157d6770-f5b3-47bd-9bed-1f447b1dbc4d
22273a01-d994-4a50-8883-5fccc27a4d2c,157d6770-f5b3-47bd-9bed-1f447b1dbc4d
c402f2f8-df0a-471a-b816-2abd6de07f9e,357376c3-1279-454b-a43d-cf89949586fd
c402f2f8-df0a-471a-b816-2abd6de07f9e,29d0a043-0638-470e-9160-d852c576eec5
c402f2f8-df0a-471a-b816-2abd6de07f9e,60858eaf-f3d3-409a-b468-c92f70f2011c
d6814d81-0dff-4e0d-91da-216bba12fb5e,60858eaf-f3d3-409a-b468-c92f70f2011c
c402f2f8-df0a-471a-b816-2abd6de07f9e,d47e3a4d-055a-4dee-b7fa-73895a2042a9
c402f2f8-df0a-471a-b816-2abd6de07f9e,3c750fa5-f368-4089-bfab-c523560b5f85
e73699c3-c475-4f85-a416-de226009e45b,3c750fa5-f368-4089-bfab-c523560b5f85
c402f2f8-df0a-471a-b816-2abd6de07f9e,da706a24-0055-4de2-bf55-65bbcecd36e5
c2fbf53b-a8c8-4e0f-b9fa-f9275c6ce601,da706a24-0055-4de2-bf55-65bbcecd36e5
afc9214e-79ae-4a13-850e-fe82708ec451,1d1ae602-de6d-42c1-9327-b2e68a3ba5e1
c402f2f8-df0a-471a-b816-2abd6de07f9e,1d1ae602-de6d-42c1-9327-b2e68a3ba5e1
c402f2f8-df0a-471a-b816-2abd6de07f9e,9bf9ee0f-ac36-433d-88ce-501e109d4f74
22273a01-d994-4a50-8883-5fccc27a4d2c,9bf9ee0f-ac36-433d-88ce-501e109d4f74
bcda6a6b-632d-4bef-ae0a-2f3a75c7d662,330f3def-d73a-48e0-a3ae-6a2bb2bef949
c402f2f8-df0a-471a-b816-2abd6de07f9e,330f3def-d73a-48e0-a3ae-6a2bb2bef949
87be8f82-bd02-4aa2-850c-68a8066fbf77,beab368e-5709-4111-a87a-99455db7de90
c402f2f8-df0a-471a-b816-2abd6de07f9e,beab368e-5709-4111-a87a-99455db7de90
afc9214e-79ae-4a13-850e-fe82708ec451,9dabf039-59ed-4675-929e-105feaf9f60c
c402f2f8-df0a-471a-b816-2abd6de07f9e,9dabf039-59ed-4675-929e-105feaf9f60c
c402f2f8-df0a-471a-b816-2abd6de07f9e,42cc4696-bc07-4379-ac0e-cbbb9ff081a1
c2fbf53b-a8c8-4e0f-b9fa-f9275c6ce601,42cc4696-bc07-4379-ac0e-cbbb9ff081a1
c402f2f8-df0a-471a-b816-2abd6de07f9e,eaf4e1bb-9d92-4cf1-9cb8-d4a78556090c
c402f2f8-df0a-471a-b816-2abd6de07f9e,420a54ed-7037-49d8-8f90-af058399ec76
c402f2f8-df0a-471a-b816-2abd6de07f9e,2a833b3f-6ca5-427e-970e-9c50e2ca413d
c402f2f8-df0a-471a-b816-2abd6de07f9e,2a504e43-6f4a-48f1-806e-58944ad85646
22273a01-d994-4a50-8883-5fccc27a4d2c,2a504e43-6f4a-48f1-806e-58944ad85646
c402f2f8-df0a-471a-b816-2abd6de07f9e,f9347d3a-ab10-4c74-bb4d-0ed9e3bfb0b0
22273a01-d994-4a50-8883-5fccc27a4d2c,f9347d3a-ab10-4c74-bb4d-0ed9e3bfb0b0
c402f2f8-df0a-471a-b816-2abd6de07f9e,c0bb3a5c-412b-49b2-a73b-193e02335300
2e9991aa-308d-48c8-9c47-008eed87d640,c0bb3a5c-412b-49b2-a73b-193e02335300
9c5853c6-cece-43dd-8915-14e92b76f2fa,c0bb3a5c-412b-49b2-a73b-193e02335300
bcda6a6b-632d-4bef-ae0a-2f3a75c7d662,40cd9bcc-3f24-47e5-a83d-fa1b893c0677
c402f2f8-df0a-471a-b816-2abd6de07f9e,40cd9bcc-3f24-47e5-a83d-fa1b893c0677
c402f2f8-df0a-471a-b816-2abd6de07f9e,f0fec7cc-d3a4-470b-8d74-b4c1423f62b8
bcda6a6b-632d-4bef-ae0a-2f3a75c7d662,148e75e3-b99b-4001-8721-86580ca004c3
c402f2f8-df0a-471a-b816-2abd6de07f9e,148e75e3-b99b-4001-8721-86580ca004c3
c402f2f8-df0a-471a-b816-2abd6de07f9e,34fd2e58-20ea-441c-8339-c760a8160e7b
c2fbf53b-a8c8-4e0f-b9fa-f9275c6ce601,34fd2e58-20ea-441c-8339-c760a8160e7b
c402f2f8-df0a-471a-b816-2abd6de07f9e,37b9f28c-dfa3-486c-ba08-145575a9521b
22273a01-d994-4a50-8883-5fccc27a4d2c,37b9f28c-dfa3-486c-ba08-145575a9521b
c402f2f8-df0a-471a-b816-2abd6de07f9e,5493d4e1-66ed-4f55-93ad-2b6e3e88968d
22273a01-d994-4a50-8883-5fccc27a4d2c,5493d4e1-66ed-4f55-93ad-2b6e3e88968d
bcda6a6b-632d-4bef-ae0a-2f3a75c7d662,60e33065-a057-48c5-a0e7-c9bf016608ac
c402f2f8-df0a-471a-b816-2abd6de07f9e,60e33065-a057-48c5-a0e7-c9bf016608ac
c402f2f8-df0a-471a-b816-2abd6de07f9e,d11d0b2b-831f-4dd3-a284-0a15af2b51d1
22273a01-d994-4a50-8883-5fccc27a4d2c,d11d0b2b-831f-4dd3-a284-0a15af2b51d1
c402f2f8-df0a-471a-b816-2abd6de07f9e,8d29a59e-95f8-49ed-bdc4-5d588f3c558a
2b4fa3d3-6dec-4bb4-bcb4-8a5d222a38d5,8d29a59e-95f8-49ed-bdc4-5d588f3c558a
9c5853c6-cece-43dd-8915-14e92b76f2fa,8d29a59e-95f8-49ed-bdc4-5d588f3c558a
c402f2f8-df0a-471a-b816-2abd6de07f9e,6ae93e56-ffde-43a3-9fe9-d49f5a0f4c08
c402f2f8-df0a-471a-b816-2abd6de07f9e,068c69c4-a984-4479-b54a-dc5d833eb5ae
c2fbf53b-a8c8-4e0f-b9fa-f9275c6ce601,068c69c4-a984-4479-b54a-dc5d833eb5ae
bcda6a6b-632d-4bef-ae0a-2f3a75c7d662,15422455-7c36-435a-a4ed-26e80420e25c
5a6454b2-6950-47e9-a294-d6cb6b610432,15422455-7c36-435a-a4ed-26e80420e25c
c402f2f8-df0a-471a-b816-2abd6de07f9e,15422455-7c36-435a-a4ed-26e80420e25c
c402f2f8-df0a-471a-b816-2abd6de07f9e,d11cf15b-ccd0-4b8c-bb7c-71eebb190205
c2fbf53b-a8c8-4e0f-b9fa-f9275c6ce601,d11cf15b-ccd0-4b8c-bb7c-71eebb190205
c402f2f8-df0a-471a-b816-2abd6de07f9e,eff450ac-3446-452a-a843-5e7407c646c6
9c5853c6-cece-43dd-8915-14e92b76f2fa,eff450ac-3446-452a-a843-5e7407c646c6
c402f2f8-df0a-471a-b816-2abd6de07f9e,46d5d511-bd3a-4ee6-8adc-2164a2cca737
22273a01-d994-4a50-8883-5fccc27a4d2c,46d5d511-bd3a-4ee6-8adc-2164a2cca737
c402f2f8-df0a-471a-b816-2abd6de07f9e,116d8588-202d-4ae6-b27e-b86cdbf5d8e6
22273a01-d994-4a50-8883-5fccc27a4d2c,116d8588-202d-4ae6-b27e-b86cdbf5d8e6
c402f2f8-df0a-471a-b816-2abd6de07f9e,2718b44b-fe98-48b9-a64c-c52133794b29
22273a01-d994-4a50-8883-5fccc27a4d2c,2718b44b-fe98-48b9-a64c-c52133794b29
c402f2f8-df0a-471a-b816-2abd6de07f9e,7207c149-fdef-49a2-934b-6269ff53aa6f
d6814d81-0dff-4e0d-91da-216bba12fb5e,7207c149-fdef-49a2-934b-6269ff53aa6f
c402f2f8-df0a-471a-b816-2abd6de07f9e,63d0e147-b8c7-4bdf-8479-0c1219dd9467
22273a01-d994-4a50-8883-5fccc27a4d2c,63d0e147-b8c7-4bdf-8479-0c1219dd9467
c402f2f8-df0a-471a-b816-2abd6de07f9e,12c30d8c-d958-490e-b861-0c36cdd91612
22273a01-d994-4a50-8883-5fccc27a4d2c,12c30d8c-d958-490e-b861-0c36cdd91612
c402f2f8-df0a-471a-b816-2abd6de07f9e,af5e1539-a4cc-47fd-b8d6-f3920bb9e17b
c2fbf53b-a8c8-4e0f-b9fa-f9275c6ce601,af5e1539-a4cc-47fd-b8d6-f3920bb9e17b
22273a01-d994-4a50-8883-5fccc27a4d2c,af5e1539-a4cc-47fd-b8d6-f3920bb9e17b
c402f2f8-df0a-471a-b816-2abd6de07f9e,5a687b84-5a29-4a55-a7f9-4e0c8f82cb92
a6510a57-e69d-4e28-a458-51bb8eb77886,5a687b84-5a29-4a55-a7f9-4e0c8f82cb92
c402f2f8-df0a-471a-b816-2abd6de07f9e,d23af040-c4c9-4bb6-aea0-9cdad81dba16
22273a01-d994-4a50-8883-5fccc27a4d2c,d23af040-c4c9-4bb6-aea0-9cdad81dba16
c402f2f8-df0a-471a-b816-2abd6de07f9e,cbc4faed-e6c2-468b-8d96-babd22827407
c2fbf53b-a8c8-4e0f-b9fa-f9275c6ce601,cbc4faed-e6c2-468b-8d96-babd22827407
c402f2f8-df0a-471a-b816-2abd6de07f9e,710344ea-c7b3-4bee-9d4e-a1ceed710453
c2fbf53b-a8c8-4e0f-b9fa-f9275c6ce601,710344ea-c7b3-4bee-9d4e-a1ceed710453
bcda6a6b-632d-4bef-ae0a-2f3a75c7d662,8cbf9eb3-c4f7-4ecf-b946-95c7ac170334
c402f2f8-df0a-471a-b816-2abd6de07f9e,8cbf9eb3-c4f7-4ecf-b946-95c7ac170334
c402f2f8-df0a-471a-b816-2abd6de07f9e,99b93485-b3af-4c96-9aa2-0444fddbe888
22273a01-d994-4a50-8883-5fccc27a4d2c,99b93485-b3af-4c96-9aa2-0444fddbe888
c402f2f8-df0a-471a-b816-2abd6de07f9e,536c1dbb-3c32-40e6-8ee4-78f0f3a90fb0
22273a01-d994-4a50-8883-5fccc27a4d2c,536c1dbb-3c32-40e6-8ee4-78f0f3a90fb0
c402f2f8-df0a-471a-b816-2abd6de07f9e,6e4009b2-1104-4f0d-8179-45ed45460be7
c2fbf53b-a8c8-4e0f-b9fa-f9275c6ce601,6e4009b2-1104-4f0d-8179-45ed45460be7
c402f2f8-df0a-471a-b816-2abd6de07f9e,f5992891-d13d-4cf9-bbc2-e546b149598d
2b4fa3d3-6dec-4bb4-bcb4-8a5d222a38d5,f5992891-d13d-4cf9-bbc2-e546b149598d
c402f2f8-df0a-471a-b816-2abd6de07f9e,ae1f6796-000b-41e9-8fb5-7fe1f725ccb7
c2fbf53b-a8c8-4e0f-b9fa-f9275c6ce601,ae1f6796-000b-41e9-8fb5-7fe1f725ccb7
c402f2f8-df0a-471a-b816-2abd6de07f9e,e2ebe77e-78b0-4383-96aa-44632376bd81
c2fbf53b-a8c8-4e0f-b9fa-f9275c6ce601,e2ebe77e-78b0-4383-96aa-44632376bd81
c402f2f8-df0a-471a-b816-2abd6de07f9e,3f574081-7558-477a-9e4a-192a585ac86d
a6510a57-e69d-4e28-a458-51bb8eb77886,3f574081-7558-477a-9e4a-192a585ac86d
c402f2f8-df0a-471a-b816-2abd6de07f9e,b1fccece-b6bc-43b0-b8b9-6d4d08c64515
bcda6a6b-632d-4bef-ae0a-2f3a75c7d662,624979f0-f778-4ca1-b816-1d8cfbaf6b6e
87be8f82-bd02-4aa2-850c-68a8066fbf77,624979f0-f778-4ca1-b816-1d8cfbaf6b6e
c402f2f8-df0a-471a-b816-2abd6de07f9e,624979f0-f778-4ca1-b816-1d8cfbaf6b6e
bcda6a6b-632d-4bef-ae0a-2f3a75c7d662,6e26caf3-0923-4736-99dc-e86090c1066a
c402f2f8-df0a-471a-b816-2abd6de07f9e,6e26caf3-0923-4736-99dc-e86090c1066a
afc9214e-79ae-4a13-850e-fe82708ec451,033a699a-b84e-4093-8c29-5aa0255668cd
c402f2f8-df0a-471a-b816-2abd6de07f9e,033a699a-b84e-4093-8c29-5aa0255668cd
c402f2f8-df0a-471a-b816-2abd6de07f9e,8588c5aa-ad58-44bb-a090-4cca00b2cd3d
bcda6a6b-632d-4bef-ae0a-2f3a75c7d662,a1e1d011-abba-4471-82e2-aa69f0b9e534
c402f2f8-df0a-471a-b816-2abd6de07f9e,a1e1d011-abba-4471-82e2-aa69f0b9e534
c402f2f8-df0a-471a-b816-2abd6de07f9e,0940a15a-ea6b-42a3-b5e3-0f213f541ddf
22273a01-d994-4a50-8883-5fccc27a4d2c,0940a15a-ea6b-42a3-b5e3-0f213f541ddf
c402f2f8-df0a-471a-b816-2abd6de07f9e,7dcdc580-e581-4d7b-9e63-c1759a73527e
c402f2f8-df0a-471a-b816-2abd6de07f9e,23b65b9c-8f91-421e-8f14-098fdeebce8b
22273a01-d994-4a50-8883-5fccc27a4d2c,23b65b9c-8f91-421e-8f14-098fdeebce8b
c402f2f8-df0a-471a-b816-2abd6de07f9e,ab1c2dfd-bfee-4af8-89ee-6d4ed87b22e4
22273a01-d994-4a50-8883-5fccc27a4d2c,ab1c2dfd-bfee-4af8-89ee-6d4ed87b22e4
c402f2f8-df0a-471a-b816-2abd6de07f9e,535d19ba-43fc-415f-8604-5307ab890337
9c5853c6-cece-43dd-8915-14e92b76f2fa,535d19ba-43fc-415f-8604-5307ab890337
c402f2f8-df0a-471a-b816-2abd6de07f9e,f17aaff1-9b88-4d26-8be9-77072174f769
2b4fa3d3-6dec-4bb4-bcb4-8a5d222a38d5,f17aaff1-9b88-4d26-8be9-77072174f769
9c5853c6-cece-43dd-8915-14e92b76f2fa,f17aaff1-9b88-4d26-8be9-77072174f769
afc9214e-79ae-4a13-850e-fe82708ec451,133efd94-3b55-47a7-815f-a87977416a73
c402f2f8-df0a-471a-b816-2abd6de07f9e,133efd94-3b55-47a7-815f-a87977416a73
c402f2f8-df0a-471a-b816-2abd6de07f9e,4f949c16-6845-485d-ba74-13c6f6aa1684
afc9214e-79ae-4a13-850e-fe82708ec451,7a9aecb3-d22a-4bd7-9e10-5818ce5ef9db
c402f2f8-df0a-471a-b816-2abd6de07f9e,7a9aecb3-d22a-4bd7-9e10-5818ce5ef9db
c402f2f8-df0a-471a-b816-2abd6de07f9e,e3588eb5-cf8c-4243-af5f-deea859f7c03
96b774fc-fd80-4c3e-95e5-608033747d5f,e3588eb5-cf8c-4243-af5f-deea859f7c03
c402f2f8-df0a-471a-b816-2abd6de07f9e,4200f146-d144-4861-9374-07e3c35b762a
c2fbf53b-a8c8-4e0f-b9fa-f9275c6ce601,4200f146-d144-4861-9374-07e3c35b762a
bcda6a6b-632d-4bef-ae0a-2f3a75c7d662,674e903b-15c3-4e31-9aaa-9f2aed336d6b
c402f2f8-df0a-471a-b816-2abd6de07f9e,674e903b-15c3-4e31-9aaa-9f2aed336d6b
bcda6a6b-632d-4bef-ae0a-2f3a75c7d662,ca66931c-2312-439c-acc7-ae70737667ed
c402f2f8-df0a-471a-b816-2abd6de07f9e,ca66931c-2312-439c-acc7-ae70737667ed
c402f2f8-df0a-471a-b816-2abd6de07f9e,bbe52577-c173-4e47-8cde-890d2f8a5502
c402f2f8-df0a-471a-b816-2abd6de07f9e,139c9c80-0d73-4432-9661-0f33004c3538
a6510a57-e69d-4e28-a458-51bb8eb77886,139c9c80-0d73-4432-9661-0f33004c3538
c402f2f8-df0a-471a-b816-2abd6de07f9e,a85e40c2-38ab-45ba-a9f3-dbf1fd6052bd
d6814d81-0dff-4e0d-91da-216bba12fb5e,a85e40c2-38ab-45ba-a9f3-dbf1fd6052bd
bcda6a6b-632d-4bef-ae0a-2f3a75c7d662,479c710a-fc4b-4c8d-a2a5-11a4ef6a0b9f
c402f2f8-df0a-471a-b816-2abd6de07f9e,479c710a-fc4b-4c8d-a2a5-11a4ef6a0b9f
4ac269ed-2430-4fa1-ab27-428cdf82d493,479c710a-fc4b-4c8d-a2a5-11a4ef6a0b9f
c402f2f8-df0a-471a-b816-2abd6de07f9e,cd5648d8-0356-4a6b-8505-c672bca6118b
22273a01-d994-4a50-8883-5fccc27a4d2c,cd5648d8-0356-4a6b-8505-c672bca6118b
bcda6a6b-632d-4bef-ae0a-2f3a75c7d662,d7e27b73-045c-4cab-b056-84a3d02dcf32
c402f2f8-df0a-471a-b816-2abd6de07f9e,d7e27b73-045c-4cab-b056-84a3d02dcf32
c402f2f8-df0a-471a-b816-2abd6de07f9e,2d9c53a5-afde-4533-86fe-2fe48783ba6c
22273a01-d994-4a50-8883-5fccc27a4d2c,2d9c53a5-afde-4533-86fe-2fe48783ba6c
bcda6a6b-632d-4bef-ae0a-2f3a75c7d662,934d2834-a450-413e-8a0c-5d2a811cce9f
c402f2f8-df0a-471a-b816-2abd6de07f9e,934d2834-a450-413e-8a0c-5d2a811cce9f
c402f2f8-df0a-471a-b816-2abd6de07f9e,915aa6ce-6c5b-4b43-beba-4ac58eef0586
c2fbf53b-a8c8-4e0f-b9fa-f9275c6ce601,915aa6ce-6c5b-4b43-beba-4ac58eef0586
c402f2f8-df0a-471a-b816-2abd6de07f9e,fd8b4dc4-9ed8-4471-b339-1bab89bf8220
d6814d81-0dff-4e0d-91da-216bba12fb5e,fd8b4dc4-9ed8-4471-b339-1bab89bf8220
c402f2f8-df0a-471a-b816-2abd6de07f9e,7d51f5cc-bf97-4291-9e35-620011a9cb47
22273a01-d994-4a50-8883-5fccc27a4d2c,7d51f5cc-bf97-4291-9e35-620011a9cb47
c402f2f8-df0a-471a-b816-2abd6de07f9e,351a0621-ebb4-41f5-8607-f59b2ab9bff5
c2fbf53b-a8c8-4e0f-b9fa-f9275c6ce601,351a0621-ebb4-41f5-8607-f59b2ab9bff5
c402f2f8-df0a-471a-b816-2abd6de07f9e,aab3b899-1b58-4cfe-a847-d85e94bd4ea8
22273a01-d994-4a50-8883-5fccc27a4d2c,aab3b899-1b58-4cfe-a847-d85e94bd4ea8
c402f2f8-df0a-471a-b816-2abd6de07f9e,d90aacbb-0d13-4ee7-a616-1e49ad83039c
22273a01-d994-4a50-8883-5fccc27a4d2c,d90aacbb-0d13-4ee7-a616-1e49ad83039c
c402f2f8-df0a-471a-b816-2abd6de07f9e,fb7cb3d1-1770-4379-8b05-cff5468bed09
c2fbf53b-a8c8-4e0f-b9fa-f9275c6ce601,fb7cb3d1-1770-4379-8b05-cff5468bed09
c402f2f8-df0a-471a-b816-2abd6de07f9e,db58d58a-f5b5-47db-91da-bfe8e2163579
c2fbf53b-a8c8-4e0f-b9fa-f9275c6ce601,db58d58a-f5b5-47db-91da-bfe8e2163579
c402f2f8-df0a-471a-b816-2abd6de07f9e,fbe14422-2dd2-48ac-a347-5e08bb0e589d
c402f2f8-df0a-471a-b816-2abd6de07f9e,4b5be2b9-76bf-4cb9-af6d-63edca252c7d
22273a01-d994-4a50-8883-5fccc27a4d2c,4b5be2b9-76bf-4cb9-af6d-63edca252c7d
bcda6a6b-632d-4bef-ae0a-2f3a75c7d662,8de8c2f3-2cbf-425a-929b-9d0725ea482a
c402f2f8-df0a-471a-b816-2abd6de07f9e,8de8c2f3-2cbf-425a-929b-9d0725ea482a
c402f2f8-df0a-471a-b816-2abd6de07f9e,592dc444-2827-46f4-a44e-6683118a35fe
22273a01-d994-4a50-8883-5fccc27a4d2c,592dc444-2827-46f4-a44e-6683118a35fe
c402f2f8-df0a-471a-b816-2abd6de07f9e,0366ceb9-18a2-48aa-93db-c502aa53b542
22273a01-d994-4a50-8883-5fccc27a4d2c,0366ceb9-18a2-48aa-93db-c502aa53b542
c402f2f8-df0a-471a-b816-2abd6de07f9e,4f6b945f-9766-4f7f-ba4f-94a26372c081
c2fbf53b-a8c8-4e0f-b9fa-f9275c6ce601,4f6b945f-9766-4f7f-ba4f-94a26372c081
c402f2f8-df0a-471a-b816-2abd6de07f9e,7627a2f9-1f50-4793-a8ce-314e114b1c75
c402f2f8-df0a-471a-b816-2abd6de07f9e,b597bc52-c994-4868-9b87-2dd7310f0039
c402f2f8-df0a-471a-b816-2abd6de07f9e,4f6c6a55-ac7a-43c1-809c-4610b151cc77
c2fbf53b-a8c8-4e0f-b9fa-f9275c6ce601,4f6c6a55-ac7a-43c1-809c-4610b151cc77
bcda6a6b-632d-4bef-ae0a-2f3a75c7d662,dd9adfea-bfb4-435f-9a75-d48670f5bf51
c402f2f8-df0a-471a-b816-2abd6de07f9e,dd9adfea-bfb4-435f-9a75-d48670f5bf51
c402f2f8-df0a-471a-b816-2abd6de07f9e,8b8642fd-0b10-46d2-86b8-5b67c7298ed7
22273a01-d994-4a50-8883-5fccc27a4d2c,8b8642fd-0b10-46d2-86b8-5b67c7298ed7
c402f2f8-df0a-471a-b816-2abd6de07f9e,d260987e-1cca-4021-acaf-3bfdfa9554d3
bcda6a6b-632d-4bef-ae0a-2f3a75c7d662,0cd9b183-11b3-434a-81f2-3e2fd9e882ea
c402f2f8-df0a-471a-b816-2abd6de07f9e,0cd9b183-11b3-434a-81f2-3e2fd9e882ea
bcda6a6b-632d-4bef-ae0a-2f3a75c7d662,abe9b3c1-581b-4de2-99c3-85a5d99a5a62
c402f2f8-df0a-471a-b816-2abd6de07f9e,abe9b3c1-581b-4de2-99c3-85a5d99a5a62
c402f2f8-df0a-471a-b816-2abd6de07f9e,0ea969d2-afa3-41dd-8b2e-ac294441c75a
22273a01-d994-4a50-8883-5fccc27a4d2c,0ea969d2-afa3-41dd-8b2e-ac294441c75a
bcda6a6b-632d-4bef-ae0a-2f3a75c7d662,751097b0-0974-4aa2-8408-73ab53e5bdba
c402f2f8-df0a-471a-b816-2abd6de07f9e,751097b0-0974-4aa2-8408-73ab53e5bdba
afc9214e-79ae-4a13-850e-fe82708ec451,2f2831b0-63f9-42aa-8665-3dcd5af3a80c
c402f2f8-df0a-471a-b816-2abd6de07f9e,2f2831b0-63f9-42aa-8665-3dcd5af3a80c
c402f2f8-df0a-471a-b816-2abd6de07f9e,e0de5d12-f4b6-47f6-8b67-29121c5dc6b5
22273a01-d994-4a50-8883-5fccc27a4d2c,e0de5d12-f4b6-47f6-8b67-29121c5dc6b5
c402f2f8-df0a-471a-b816-2abd6de07f9e,010e9dea-6e52-4fa0-8833-f3f113a6923f
22273a01-d994-4a50-8883-5fccc27a4d2c,010e9dea-6e52-4fa0-8833-f3f113a6923f
c402f2f8-df0a-471a-b816-2abd6de07f9e,21426512-79dc-4dac-a1fd-142a57bf5e26
22273a01-d994-4a50-8883-5fccc27a4d2c,21426512-79dc-4dac-a1fd-142a57bf5e26
bcda6a6b-632d-4bef-ae0a-2f3a75c7d662,bc9d1b1e-4ccd-4227-a908-67a838ff1839
c402f2f8-df0a-471a-b816-2abd6de07f9e,bc9d1b1e-4ccd-4227-a908-67a838ff1839
c402f2f8-df0a-471a-b816-2abd6de07f9e,5d996ff1-78cd-4bd9-8a77-84de51e13a49
c402f2f8-df0a-471a-b816-2abd6de07f9e,9bcb3190-c4ae-4f95-955a-e46d1fd50212
c402f2f8-df0a-471a-b816-2abd6de07f9e,9ca67b7c-8a33-4aea-af5c-539094f429b5
22273a01-d994-4a50-8883-5fccc27a4d2c,9ca67b7c-8a33-4aea-af5c-539094f429b5
c402f2f8-df0a-471a-b816-2abd6de07f9e,58bf1df9-4543-4a2b-88d2-cd215c4a1ed8
c2fbf53b-a8c8-4e0f-b9fa-f9275c6ce601,58bf1df9-4543-4a2b-88d2-cd215c4a1ed8
c402f2f8-df0a-471a-b816-2abd6de07f9e,3dac24e5-9c78-4bfb-b327-0d793a815568
22273a01-d994-4a50-8883-5fccc27a4d2c,3dac24e5-9c78-4bfb-b327-0d793a815568
c402f2f8-df0a-471a-b816-2abd6de07f9e,a90ba0cb-e99d-4777-a3e3-b43dff30484e
22273a01-d994-4a50-8883-5fccc27a4d2c,a90ba0cb-e99d-4777-a3e3-b43dff30484e
c402f2f8-df0a-471a-b816-2abd6de07f9e,444f728e-15d4-4491-af2b-ac9d7501f74d
2b4fa3d3-6dec-4bb4-bcb4-8a5d222a38d5,444f728e-15d4-4491-af2b-ac9d7501f74d
c402f2f8-df0a-471a-b816-2abd6de07f9e,ef7663de-2a7e-4120-bfe7-cf4d07dcc842
22273a01-d994-4a50-8883-5fccc27a4d2c,ef7663de-2a7e-4120-bfe7-cf4d07dcc842
c402f2f8-df0a-471a-b816-2abd6de07f9e,df2af72e-8a62-4b8d-a3f5-16ea8d3f6f28
a6510a57-e69d-4e28-a458-51bb8eb77886,df2af72e-8a62-4b8d-a3f5-16ea8d3f6f28
c402f2f8-df0a-471a-b816-2abd6de07f9e,bf32e55d-f752-4daa-a520-4369ea0e305d
c402f2f8-df0a-471a-b816-2abd6de07f9e,589471e4-7334-4ab1-8296-aeb4ae08c6bc
22273a01-d994-4a50-8883-5fccc27a4d2c,589471e4-7334-4ab1-8296-aeb4ae08c6bc
c402f2f8-df0a-471a-b816-2abd6de07f9e,7057f152-02fc-4a30-bece-9f5660d6ea7a
bcda6a6b-632d-4bef-ae0a-2f3a75c7d662,a3365972-ff23-4627-afb8-fbc4c646f6dd
c402f2f8-df0a-471a-b816-2abd6de07f9e,a3365972-ff23-4627-afb8-fbc4c646f6dd
c402f2f8-df0a-471a-b816-2abd6de07f9e,72769c37-89e3-4e6f-a990-1e17fddbe9c0
c2fbf53b-a8c8-4e0f-b9fa-f9275c6ce601,72769c37-89e3-4e6f-a990-1e17fddbe9c0
c402f2f8-df0a-471a-b816-2abd6de07f9e,64bb1592-6273-4d72-a58d-36ec74f1d537
c2fbf53b-a8c8-4e0f-b9fa-f9275c6ce601,64bb1592-6273-4d72-a58d-36ec74f1d537
c402f2f8-df0a-471a-b816-2abd6de07f9e,6a61d5fe-40f9-45d5-a0d1-0b47019d7264
c2fbf53b-a8c8-4e0f-b9fa-f9275c6ce601,6a61d5fe-40f9-45d5-a0d1-0b47019d7264
c402f2f8-df0a-471a-b816-2abd6de07f9e,545d8c4b-bb08-412f-abd5-c75b6c1dcb81
c2fbf53b-a8c8-4e0f-b9fa-f9275c6ce601,545d8c4b-bb08-412f-abd5-c75b6c1dcb81
afc9214e-79ae-4a13-850e-fe82708ec451,e1619ffb-670a-40fd-ab96-f13452398552
c402f2f8-df0a-471a-b816-2abd6de07f9e,e1619ffb-670a-40fd-ab96-f13452398552
c402f2f8-df0a-471a-b816-2abd6de07f9e,83839d6c-2b18-4460-8d91-d93c554864c7
22273a01-d994-4a50-8883-5fccc27a4d2c,83839d6c-2b18-4460-8d91-d93c554864c7
c402f2f8-df0a-471a-b816-2abd6de07f9e,fec1fef2-6af7-418d-b097-e52fb679bd81
c2fbf53b-a8c8-4e0f-b9fa-f9275c6ce601,fec1fef2-6af7-418d-b097-e52fb679bd81
