lab_uuid,folder_uuid
64186c77-1aef-46fc-8405-0befc722beb1,7c0a3f92-7d6f-4e6b-a20d-3ac51fbf962a
cb3c2189-4975-4018-b94f-24bac8ffc0a0,e724f426-5bec-477d-8594-d70cd79711cc
64186c77-1aef-46fc-8405-0befc722beb1,c56c1a97-3ca0-457e-a606-f32b0e767e7b
64186c77-1aef-46fc-8405-0befc722beb1,43f592b3-996e-496e-852b-839e64638950
64186c77-1aef-46fc-8405-0befc722beb1,9afcbb89-7dc8-4034-9631-e839953db4bd
64186c77-1aef-46fc-8405-0befc722beb1,9b85e7ee-a34d-4f58-b923-ee60670c1a57
64186c77-1aef-46fc-8405-0befc722beb1,4e5de8b9-b1de-42a3-ad1a-a59cd4d835c2
cb3c2189-4975-4018-b94f-24bac8ffc0a0,c6dc6d6b-f088-4a43-b08b-8ce5644d7598
2c7ec5f9-8f1a-419e-b473-e11da5523ede,03ec0913-23fd-479a-86a9-bf6a7b7dadee
64186c77-1aef-46fc-8405-0befc722beb1,8bee03b5-1d0a-4ba5-80ff-35d05d29650f
64186c77-1aef-46fc-8405-0befc722beb1,690e1234-1340-44ef-96e6-04b0b5758621
cb3c2189-4975-4018-b94f-24bac8ffc0a0,331398a3-8c2e-4444-ab09-cafb3cf20928
64186c77-1aef-46fc-8405-0befc722beb1,e1e817a3-ac82-4046-a8c8-4b7d5dd900ea
cb3c2189-4975-4018-b94f-24bac8ffc0a0,2f948e29-cf41-4182-bd6b-496e14ab0372
cb3c2189-4975-4018-b94f-24bac8ffc0a0,7e9bd7d6-12c2-4418-931a-59c5901dd06a
64186c77-1aef-46fc-8405-0befc722beb1,2864e61c-c62a-4394-872d-a3c146894493
2c7ec5f9-8f1a-419e-b473-e11da5523ede,a80d4cf8-991f-4819-9cda-a6b6c93387d1
64186c77-1aef-46fc-8405-0befc722beb1,aae4d5d9-6a4e-440e-b6f6-74ee93b7304b
64186c77-1aef-46fc-8405-0befc722beb1,beab368e-5709-4111-a87a-99455db7de90
64186c77-1aef-46fc-8405-0befc722beb1,420a54ed-7037-49d8-8f90-af058399ec76
64186c77-1aef-46fc-8405-0befc722beb1,f9347d3a-ab10-4c74-bb4d-0ed9e3bfb0b0
64186c77-1aef-46fc-8405-0befc722beb1,f0fec7cc-d3a4-470b-8d74-b4c1423f62b8
cb3c2189-4975-4018-b94f-24bac8ffc0a0,60e33065-a057-48c5-a0e7-c9bf016608ac
64186c77-1aef-46fc-8405-0befc722beb1,8d29a59e-95f8-49ed-bdc4-5d588f3c558a
64186c77-1aef-46fc-8405-0befc722beb1,6ae93e56-ffde-43a3-9fe9-d49f5a0f4c08
64186c77-1aef-46fc-8405-0befc722beb1,af5e1539-a4cc-47fd-b8d6-f3920bb9e17b
64186c77-1aef-46fc-8405-0befc722beb1,710344ea-c7b3-4bee-9d4e-a1ceed710453
64186c77-1aef-46fc-8405-0befc722beb1,e2ebe77e-78b0-4383-96aa-44632376bd81
cb3c2189-4975-4018-b94f-24bac8ffc0a0,624979f0-f778-4ca1-b816-1d8cfbaf6b6e
64186c77-1aef-46fc-8405-0befc722beb1,0940a15a-ea6b-42a3-b5e3-0f213f541ddf
64186c77-1aef-46fc-8405-0befc722beb1,7dcdc580-e581-4d7b-9e63-c1759a73527e
64186c77-1aef-46fc-8405-0befc722beb1,4200f146-d144-4861-9374-07e3c35b762a
cb3c2189-4975-4018-b94f-24bac8ffc0a0,674e903b-15c3-4e31-9aaa-9f2aed336d6b
64186c77-1aef-46fc-8405-0befc722beb1,ca66931c-2312-439c-acc7-ae70737667ed
64186c77-1aef-46fc-8405-0befc722beb1,d7e27b73-045c-4cab-b056-84a3d02dcf32
64186c77-1aef-46fc-8405-0befc722beb1,934d2834-a450-413e-8a0c-5d2a811cce9f
64186c77-1aef-46fc-8405-0befc722beb1,fbe14422-2dd2-48ac-a347-5e08bb0e589d
64186c77-1aef-46fc-8405-0befc722beb1,b597bc52-c994-4868-9b87-2dd7310f0039
cd4a1fe9-3715-4e19-92d9-777406273cd2,9bcb3190-c4ae-4f95-955a-e46d1fd50212
64186c77-1aef-46fc-8405-0befc722beb1,72769c37-89e3-4e6f-a990-1e17fddbe9c0
64186c77-1aef-46fc-8405-0befc722beb1,6a61d5fe-40f9-45d5-a0d1-0b47019d7264
39a5ffac-6b9a-46b3-b9dd-15e82228f2ab,e1619ffb-670a-40fd-ab96-f13452398552
cb3c2189-4975-4018-b94f-24bac8ffc0a0,e1619ffb-670a-40fd-ab96-f13452398552
