organism_uuid,folder_uuid
6eeb1944-b25f-4819-bb9e-9f3bfd6e06c9,caff7979-1817-471c-aa07-f43c4363f21b
a5c50851-1967-4e8a-9b50-72a193b2ec71,42bd9bef-9556-40e0-86cb-cf32d8d8fa44
6eeb1944-b25f-4819-bb9e-9f3bfd6e06c9,11c594c2-b76f-4f1b-81c8-114168235dbb
a5c50851-1967-4e8a-9b50-72a193b2ec71,948435c3-1f66-47b3-b99f-8ed505329304
6eeb1944-b25f-4819-bb9e-9f3bfd6e06c9,78e72b7f-ad09-456d-baf6-854ca75b2ba9
a5c50851-1967-4e8a-9b50-72a193b2ec71,d3ba7f42-eaf8-4181-bc11-5f3c09807890
a5c50851-1967-4e8a-9b50-72a193b2ec71,e724f426-5bec-477d-8594-d70cd79711cc
a5c50851-1967-4e8a-9b50-72a193b2ec71,0109750c-cecc-4e4f-b2d2-57a327a7586a
6eeb1944-b25f-4819-bb9e-9f3bfd6e06c9,e759478f-65f2-4d20-b2af-f97df37e7624
a5c50851-1967-4e8a-9b50-72a193b2ec71,e759478f-65f2-4d20-b2af-f97df37e7624
6eeb1944-b25f-4819-bb9e-9f3bfd6e06c9,43f592b3-996e-496e-852b-839e64638950
6eeb1944-b25f-4819-bb9e-9f3bfd6e06c9,3218383b-88b6-4be5-864f-70ad3f3c5805
6eeb1944-b25f-4819-bb9e-9f3bfd6e06c9,720a24eb-87a9-4e17-b085-caf443c372f2
6eeb1944-b25f-4819-bb9e-9f3bfd6e06c9,9afcbb89-7dc8-4034-9631-e839953db4bd
a5c50851-1967-4e8a-9b50-72a193b2ec71,169a3b51-4909-4ef6-9811-34ed617cddea
a5c50851-1967-4e8a-9b50-72a193b2ec71,9b85e7ee-a34d-4f58-b923-ee60670c1a57
a5c50851-1967-4e8a-9b50-72a193b2ec71,4e5de8b9-b1de-42a3-ad1a-a59cd4d835c2
6eeb1944-b25f-4819-bb9e-9f3bfd6e06c9,c6dc6d6b-f088-4a43-b08b-8ce5644d7598
a5c50851-1967-4e8a-9b50-72a193b2ec71,e4ef109b-605b-4573-afb3-0f9763b349ee
a5c50851-1967-4e8a-9b50-72a193b2ec71,8d456602-3fd2-4fef-958f-b98f9c37a5f6
a5c50851-1967-4e8a-9b50-72a193b2ec71,93ede2d5-cca5-47c4-9120-050f24d90762
a5c50851-1967-4e8a-9b50-72a193b2ec71,e31b4613-7124-4d00-b5d8-5388cd3020d4
6eeb1944-b25f-4819-bb9e-9f3bfd6e06c9,03ec0913-23fd-479a-86a9-bf6a7b7dadee
6eeb1944-b25f-4819-bb9e-9f3bfd6e06c9,18355b8d-49c3-4a48-8f0d-7224b19165d8
a5c50851-1967-4e8a-9b50-72a193b2ec71,ce89e4e1-273d-477e-9ee1-0d71d217b3f7
a5c50851-1967-4e8a-9b50-72a193b2ec71,5853c90a-a4ee-45f4-b98f-15850df9cade
6eeb1944-b25f-4819-bb9e-9f3bfd6e06c9,90e0e4de-aa69-4830-8b17-32726bd5e26a
6eeb1944-b25f-4819-bb9e-9f3bfd6e06c9,9870987d-18ca-46e7-8c22-0aafe9773e72
a5c50851-1967-4e8a-9b50-72a193b2ec71,97b32e5e-9133-44de-84fe-998a0c3cf755
6eeb1944-b25f-4819-bb9e-9f3bfd6e06c9,fa1ed267-ec6e-41e6-8e1a-651302857021
a5c50851-1967-4e8a-9b50-72a193b2ec71,71a4dc31-9761-4dea-904e-4d59366b6a4a
6eeb1944-b25f-4819-bb9e-9f3bfd6e06c9,96163745-96de-4d0d-8cf5-e3acf8cfac24
6eeb1944-b25f-4819-bb9e-9f3bfd6e06c9,e1e817a3-ac82-4046-a8c8-4b7d5dd900ea
a5c50851-1967-4e8a-9b50-72a193b2ec71,ed97843b-ad4e-4d54-9326-881f6e1eaa2a
a5c50851-1967-4e8a-9b50-72a193b2ec71,e524c35a-e429-4ee2-b0af-30f41df0cc9e
6eeb1944-b25f-4819-bb9e-9f3bfd6e06c9,44e61b87-6e44-4362-96ae-15ae954a3e59
a5c50851-1967-4e8a-9b50-72a193b2ec71,2f948e29-cf41-4182-bd6b-496e14ab0372
6eeb1944-b25f-4819-bb9e-9f3bfd6e06c9,1ef2a602-0dfb-44ce-8e5f-a974c666ee9d
a5c50851-1967-4e8a-9b50-72a193b2ec71,7e9bd7d6-12c2-4418-931a-59c5901dd06a
6eeb1944-b25f-4819-bb9e-9f3bfd6e06c9,da03df61-ecfb-4e65-9906-f47fa8a6ddb0
6eeb1944-b25f-4819-bb9e-9f3bfd6e06c9,f30b9daa-3ddc-49d9-9267-53c4dd7afec4
a5c50851-1967-4e8a-9b50-72a193b2ec71,4806258f-a2fd-41c0-b203-e62e93fd850f
6eeb1944-b25f-4819-bb9e-9f3bfd6e06c9,a80d4cf8-991f-4819-9cda-a6b6c93387d1
6eeb1944-b25f-4819-bb9e-9f3bfd6e06c9,aae4d5d9-6a4e-440e-b6f6-74ee93b7304b
6eeb1944-b25f-4819-bb9e-9f3bfd6e06c9,fc16d6fe-8e44-49e9-9d63-d0bb72ef9ca7
a5c50851-1967-4e8a-9b50-72a193b2ec71,e4ba51f0-6462-4725-9e8a-6e52ab616008
6eeb1944-b25f-4819-bb9e-9f3bfd6e06c9,af22f794-ca19-4009-9e5f-9c3c0aee82d8
6eeb1944-b25f-4819-bb9e-9f3bfd6e06c9,157d6770-f5b3-47bd-9bed-1f447b1dbc4d
a5c50851-1967-4e8a-9b50-72a193b2ec71,357376c3-1279-454b-a43d-cf89949586fd
a5c50851-1967-4e8a-9b50-72a193b2ec71,29d0a043-0638-470e-9160-d852c576eec5
6eeb1944-b25f-4819-bb9e-9f3bfd6e06c9,60858eaf-f3d3-409a-b468-c92f70f2011c
a5c50851-1967-4e8a-9b50-72a193b2ec71,da706a24-0055-4de2-bf55-65bbcecd36e5
a5c50851-1967-4e8a-9b50-72a193b2ec71,330f3def-d73a-48e0-a3ae-6a2bb2bef949
6eeb1944-b25f-4819-bb9e-9f3bfd6e06c9,beab368e-5709-4111-a87a-99455db7de90
6eeb1944-b25f-4819-bb9e-9f3bfd6e06c9,42cc4696-bc07-4379-ac0e-cbbb9ff081a1
6eeb1944-b25f-4819-bb9e-9f3bfd6e06c9,eaf4e1bb-9d92-4cf1-9cb8-d4a78556090c
6eeb1944-b25f-4819-bb9e-9f3bfd6e06c9,c0bb3a5c-412b-49b2-a73b-193e02335300
6eeb1944-b25f-4819-bb9e-9f3bfd6e06c9,40cd9bcc-3f24-47e5-a83d-fa1b893c0677
a5c50851-1967-4e8a-9b50-72a193b2ec71,34fd2e58-20ea-441c-8339-c760a8160e7b
6eeb1944-b25f-4819-bb9e-9f3bfd6e06c9,60e33065-a057-48c5-a0e7-c9bf016608ac
6eeb1944-b25f-4819-bb9e-9f3bfd6e06c9,8d29a59e-95f8-49ed-bdc4-5d588f3c558a
a5c50851-1967-4e8a-9b50-72a193b2ec71,068c69c4-a984-4479-b54a-dc5d833eb5ae
6eeb1944-b25f-4819-bb9e-9f3bfd6e06c9,15422455-7c36-435a-a4ed-26e80420e25c
a5c50851-1967-4e8a-9b50-72a193b2ec71,d11cf15b-ccd0-4b8c-bb7c-71eebb190205
6eeb1944-b25f-4819-bb9e-9f3bfd6e06c9,7207c149-fdef-49a2-934b-6269ff53aa6f
6eeb1944-b25f-4819-bb9e-9f3bfd6e06c9,63d0e147-b8c7-4bdf-8479-0c1219dd9467
a5c50851-1967-4e8a-9b50-72a193b2ec71,cbc4faed-e6c2-468b-8d96-babd22827407
6eeb1944-b25f-4819-bb9e-9f3bfd6e06c9,710344ea-c7b3-4bee-9d4e-a1ceed710453
a5c50851-1967-4e8a-9b50-72a193b2ec71,8cbf9eb3-c4f7-4ecf-b946-95c7ac170334
a5c50851-1967-4e8a-9b50-72a193b2ec71,6e4009b2-1104-4f0d-8179-45ed45460be7
a5c50851-1967-4e8a-9b50-72a193b2ec71,ae1f6796-000b-41e9-8fb5-7fe1f725ccb7
6eeb1944-b25f-4819-bb9e-9f3bfd6e06c9,e2ebe77e-78b0-4383-96aa-44632376bd81
6eeb1944-b25f-4819-bb9e-9f3bfd6e06c9,b1fccece-b6bc-43b0-b8b9-6d4d08c64515
6eeb1944-b25f-4819-bb9e-9f3bfd6e06c9,624979f0-f778-4ca1-b816-1d8cfbaf6b6e
a5c50851-1967-4e8a-9b50-72a193b2ec71,8588c5aa-ad58-44bb-a090-4cca00b2cd3d
6eeb1944-b25f-4819-bb9e-9f3bfd6e06c9,535d19ba-43fc-415f-8604-5307ab890337
6eeb1944-b25f-4819-bb9e-9f3bfd6e06c9,e3588eb5-cf8c-4243-af5f-deea859f7c03
6eeb1944-b25f-4819-bb9e-9f3bfd6e06c9,4200f146-d144-4861-9374-07e3c35b762a
a5c50851-1967-4e8a-9b50-72a193b2ec71,674e903b-15c3-4e31-9aaa-9f2aed336d6b
6eeb1944-b25f-4819-bb9e-9f3bfd6e06c9,ca66931c-2312-439c-acc7-ae70737667ed
a5c50851-1967-4e8a-9b50-72a193b2ec71,bbe52577-c173-4e47-8cde-890d2f8a5502
6eeb1944-b25f-4819-bb9e-9f3bfd6e06c9,479c710a-fc4b-4c8d-a2a5-11a4ef6a0b9f
6eeb1944-b25f-4819-bb9e-9f3bfd6e06c9,d7e27b73-045c-4cab-b056-84a3d02dcf32
6eeb1944-b25f-4819-bb9e-9f3bfd6e06c9,934d2834-a450-413e-8a0c-5d2a811cce9f
a5c50851-1967-4e8a-9b50-72a193b2ec71,915aa6ce-6c5b-4b43-beba-4ac58eef0586
6eeb1944-b25f-4819-bb9e-9f3bfd6e06c9,fd8b4dc4-9ed8-4471-b339-1bab89bf8220
6eeb1944-b25f-4819-bb9e-9f3bfd6e06c9,7d51f5cc-bf97-4291-9e35-620011a9cb47
6eeb1944-b25f-4819-bb9e-9f3bfd6e06c9,351a0621-ebb4-41f5-8607-f59b2ab9bff5
6eeb1944-b25f-4819-bb9e-9f3bfd6e06c9,fb7cb3d1-1770-4379-8b05-cff5468bed09
a5c50851-1967-4e8a-9b50-72a193b2ec71,db58d58a-f5b5-47db-91da-bfe8e2163579
6eeb1944-b25f-4819-bb9e-9f3bfd6e06c9,8de8c2f3-2cbf-425a-929b-9d0725ea482a
a5c50851-1967-4e8a-9b50-72a193b2ec71,4f6b945f-9766-4f7f-ba4f-94a26372c081
a5c50851-1967-4e8a-9b50-72a193b2ec71,4f6c6a55-ac7a-43c1-809c-4610b151cc77
a5c50851-1967-4e8a-9b50-72a193b2ec71,0cd9b183-11b3-434a-81f2-3e2fd9e882ea
6eeb1944-b25f-4819-bb9e-9f3bfd6e06c9,abe9b3c1-581b-4de2-99c3-85a5d99a5a62
a5c50851-1967-4e8a-9b50-72a193b2ec71,bc9d1b1e-4ccd-4227-a908-67a838ff1839
a5c50851-1967-4e8a-9b50-72a193b2ec71,5d996ff1-78cd-4bd9-8a77-84de51e13a49
a5c50851-1967-4e8a-9b50-72a193b2ec71,9bcb3190-c4ae-4f95-955a-e46d1fd50212
a5c50851-1967-4e8a-9b50-72a193b2ec71,58bf1df9-4543-4a2b-88d2-cd215c4a1ed8
6eeb1944-b25f-4819-bb9e-9f3bfd6e06c9,ef7663de-2a7e-4120-bfe7-cf4d07dcc842
a5c50851-1967-4e8a-9b50-72a193b2ec71,7057f152-02fc-4a30-bece-9f5660d6ea7a
6eeb1944-b25f-4819-bb9e-9f3bfd6e06c9,a3365972-ff23-4627-afb8-fbc4c646f6dd
6eeb1944-b25f-4819-bb9e-9f3bfd6e06c9,72769c37-89e3-4e6f-a990-1e17fddbe9c0
6eeb1944-b25f-4819-bb9e-9f3bfd6e06c9,64bb1592-6273-4d72-a58d-36ec74f1d537
a5c50851-1967-4e8a-9b50-72a193b2ec71,6a61d5fe-40f9-45d5-a0d1-0b47019d7264
6eeb1944-b25f-4819-bb9e-9f3bfd6e06c9,545d8c4b-bb08-412f-abd5-c75b6c1dcb81
a5c50851-1967-4e8a-9b50-72a193b2ec71,fec1fef2-6af7-418d-b097-e52fb679bd81
